-- phpMyAdmin SQL Dump
-- version 4.6.4
-- https://www.phpmyadmin.net/
--
-- Servidor: 127.0.0.1
-- Tiempo de generaci칩n: 14-11-2017 a las 00:38:27
-- Versi칩n del servidor: 5.7.14
-- Versi칩n de PHP: 5.6.25

SET SQL_MODE = "NO_AUTO_VALUE_ON_ZERO";
SET time_zone = "+00:00";


/*!40101 SET @OLD_CHARACTER_SET_CLIENT=@@CHARACTER_SET_CLIENT */;
/*!40101 SET @OLD_CHARACTER_SET_RESULTS=@@CHARACTER_SET_RESULTS */;
/*!40101 SET @OLD_COLLATION_CONNECTION=@@COLLATION_CONNECTION */;
/*!40101 SET NAMES utf8mb4 */;

--
-- Base de datos: `flipboard_db`
--

-- --------------------------------------------------------

--
-- Estructura de tabla para la tabla `tbl_categorias`
--

CREATE TABLE `tbl_categorias` (
  `codigo_categoria` int(11) NOT NULL,
  `nombre_categoria` varchar(45) NOT NULL
) ENGINE=InnoDB DEFAULT CHARSET=latin1;

--
-- Volcado de datos para la tabla `tbl_categorias`
--

INSERT INTO `tbl_categorias` (`codigo_categoria`, `nombre_categoria`) VALUES
(1, 'Deportes'),
(2, 'Politica'),
(3, 'viajes'),
(4, 'negocios'),
(5, 'fotografia'),
(6, 'ciencia'),
(7, 'hogar'),
(8, 'celebridades'),
(9, 'dise침o'),
(10, 'estilo'),
(11, 'automotriz'),
(12, 'gastronomia');

-- --------------------------------------------------------

--
-- Estructura de tabla para la tabla `tbl_comentario`
--

CREATE TABLE `tbl_comentario` (
  `codigo_comentario` int(11) NOT NULL,
  `noticias_nodigo_noticia` int(11) NOT NULL,
  `usuario_codigo_usuario` int(11) NOT NULL,
  `txt_comentario` varchar(45) NOT NULL
) ENGINE=InnoDB DEFAULT CHARSET=latin1;

-- --------------------------------------------------------

--
-- Estructura de tabla para la tabla `tbl_likes_noticias`
--

CREATE TABLE `tbl_likes_noticias` (
  `tbl_noticias_codigo_noticia` int(11) NOT NULL,
  `tbl_usuario_codigo_usuario` int(11) NOT NULL,
  `tbl_tipo_likes_codigo_tipo_likes` int(11) NOT NULL
) ENGINE=InnoDB DEFAULT CHARSET=latin1;

-- --------------------------------------------------------

--
-- Estructura de tabla para la tabla `tbl_noticias`
--

CREATE TABLE `tbl_noticias` (
  `codigo_noticia` int(11) NOT NULL,
  `titulo_noticia` varchar(200) NOT NULL,
  `descripcion_noticia` varchar(5000) NOT NULL,
  `Foto` blob NOT NULL,
  `fecha_publicacion` date NOT NULL,
  `usuario_autor` varchar(200) NOT NULL,
  `categorias_codigo_categoria` int(11) NOT NULL,
  `Tipo_de_Notificacion_Codigo_TipoNotificacion` int(11) NOT NULL
) ENGINE=InnoDB DEFAULT CHARSET=latin1;

--
-- Volcado de datos para la tabla `tbl_noticias`
--

INSERT INTO `tbl_noticias` (`codigo_noticia`, `titulo_noticia`, `descripcion_noticia`, `Foto`, `fecha_publicacion`, `usuario_autor`, `categorias_codigo_categoria`, `Tipo_de_Notificacion_Codigo_TipoNotificacion`) VALUES
(1, 'Lorem Ipsum', 'Lorem ipsum dolor sit amet, consectetur adipiscing elit. Vivamus consequat orci a libero rhoncus consectetur. Nulla hendrerit dignissim massa, non tristique risus viverra vel. Donec tempus enim ut nulla vestibulum cursus. Pellentesque volutpat ante mauris, at rutrum risus maximus sed. Maecenas elit elit, bibendum in nisl sed, pellentesque rhoncus augue. Vestibulum venenatis, nulla a facilisis venenatis, diam neque rutrum purus, vehicula volutpat lectus velit eu tortor. Morbi tellus lectus, blandit sit amet nunc vitae, tempor tincidunt ipsum. Cras et convallis sem. Pellentesque quis convallis velit, eget efficitur mi. Mauris id risus consequat, gravida leo nec, tempus magna. Phasellus mollis mollis blandit. Pellentesque rhoncus in dolor et convallis. Donec congue ex et dolor elementum, a ultrices velit sodales. Morbi et mattis enim, ut tempor nibh. ', '', '2017-11-01', 'victorPoo', 1, 2),
(2, 'Lorem Impsum', 'Lorem ipsum dolor sit amet, consectetur adipiscing elit. Vivamus consequat orci a libero rhoncus consectetur. Nulla hendrerit dignissim massa, non tristique risus viverra vel. Donec tempus enim ut nulla vestibulum cursus. Pellentesque volutpat ante mauris, at rutrum risus maximus sed. Maecenas elit elit, bibendum in nisl sed, pellentesque rhoncus augue. Vestibulum venenatis, nulla a facilisis venenatis, diam neque rutrum purus, vehicula volutpat lectus velit eu tortor. Morbi tellus lectus, blandit sit amet nunc vitae, tempor tincidunt ipsum. Cras et convallis sem. Pellentesque quis convallis velit, eget efficitur mi. Mauris id risus consequat, gravida leo nec, tempus magna. Phasellus mollis mollis blandit. Pellentesque rhoncus in dolor et convallis. Donec congue ex et dolor elementum, a ultrices velit sodales. Morbi et mattis enim, ut tempor nibh. ', '', '2017-11-01', 'victorPoo', 2, 1),
(3, 'Lorem Ipsum', 'Lorem ipsum dolor sit amet, consectetur adipiscing elit. Vivamus consequat orci a libero rhoncus consectetur. Nulla hendrerit dignissim massa, non tristique risus viverra vel. Donec tempus enim ut nulla vestibulum cursus. Pellentesque volutpat ante mauris, at rutrum risus maximus sed. Maecenas elit elit, bibendum in nisl sed, pellentesque rhoncus augue. Vestibulum venenatis, nulla a facilisis venenatis, diam neque rutrum purus, vehicula volutpat lectus velit eu tortor. Morbi tellus lectus, blandit sit amet nunc vitae, tempor tincidunt ipsum. Cras et convallis sem. Pellentesque quis convallis velit, eget efficitur mi. Mauris id risus consequat, gravida leo nec, tempus magna. Phasellus mollis mollis blandit. Pellentesque rhoncus in dolor et convallis. Donec congue ex et dolor elementum, a ultrices velit sodales. Morbi et mattis enim, ut tempor nibh. ', '', '2017-11-01', 'samuelPoo', 3, 1),
(4, 'Lorem Impsum', 'Lorem ipsum dolor sit amet, consectetur adipiscing elit. Vivamus consequat orci a libero rhoncus consectetur. Nulla hendrerit dignissim massa, non tristique risus viverra vel. Donec tempus enim ut nulla vestibulum cursus. Pellentesque volutpat ante mauris, at rutrum risus maximus sed. Maecenas elit elit, bibendum in nisl sed, pellentesque rhoncus augue. Vestibulum venenatis, nulla a facilisis venenatis, diam neque rutrum purus, vehicula volutpat lectus velit eu tortor. Morbi tellus lectus, blandit sit amet nunc vitae, tempor tincidunt ipsum. Cras et convallis sem. Pellentesque quis convallis velit, eget efficitur mi. Mauris id risus consequat, gravida leo nec, tempus magna. Phasellus mollis mollis blandit. Pellentesque rhoncus in dolor et convallis. Donec congue ex et dolor elementum, a ultrices velit sodales. Morbi et mattis enim, ut tempor nibh. ', '', '2017-11-01', 'victorPoo', 4, 1),
(5, 'Lorem Impsum', 'Lorem ipsum dolor sit amet, consectetur adipiscing elit. Vivamus consequat orci a libero rhoncus consectetur. Nulla hendrerit dignissim massa, non tristique risus viverra vel. Donec tempus enim ut nulla vestibulum cursus. Pellentesque volutpat ante mauris, at rutrum risus maximus sed. Maecenas elit elit, bibendum in nisl sed, pellentesque rhoncus augue. Vestibulum venenatis, nulla a facilisis venenatis, diam neque rutrum purus, vehicula volutpat lectus velit eu tortor. Morbi tellus lectus, blandit sit amet nunc vitae, tempor tincidunt ipsum. Cras et convallis sem. Pellentesque quis convallis velit, eget efficitur mi. Mauris id risus consequat, gravida leo nec, tempus magna. Phasellus mollis mollis blandit. Pellentesque rhoncus in dolor et convallis. Donec congue ex et dolor elementum, a ultrices velit sodales. Morbi et mattis enim, ut tempor nibh. ', '', '2017-11-01', 'victorPoo', 5, 1),
(6, 'Lorem Impsum', 'Lorem ipsum dolor sit amet, consectetur adipiscing elit. Vivamus consequat orci a libero rhoncus consectetur. Nulla hendrerit dignissim massa, non tristique risus viverra vel. Donec tempus enim ut nulla vestibulum cursus. Pellentesque volutpat ante mauris, at rutrum risus maximus sed. Maecenas elit elit, bibendum in nisl sed, pellentesque rhoncus augue. Vestibulum venenatis, nulla a facilisis venenatis, diam neque rutrum purus, vehicula volutpat lectus velit eu tortor. Morbi tellus lectus, blandit sit amet nunc vitae, tempor tincidunt ipsum. Cras et convallis sem. Pellentesque quis convallis velit, eget efficitur mi. Mauris id risus consequat, gravida leo nec, tempus magna. Phasellus mollis mollis blandit. Pellentesque rhoncus in dolor et convallis. Donec congue ex et dolor elementum, a ultrices velit sodales. Morbi et mattis enim, ut tempor nibh. ', '', '2017-11-01', 'victorPoo', 6, 1),
(7, 'Lorem Impsum', 'Lorem ipsum dolor sit amet, consectetur adipiscing elit. Vivamus consequat orci a libero rhoncus consectetur. Nulla hendrerit dignissim massa, non tristique risus viverra vel. Donec tempus enim ut nulla vestibulum cursus. Pellentesque volutpat ante mauris, at rutrum risus maximus sed. Maecenas elit elit, bibendum in nisl sed, pellentesque rhoncus augue. Vestibulum venenatis, nulla a facilisis venenatis, diam neque rutrum purus, vehicula volutpat lectus velit eu tortor. Morbi tellus lectus, blandit sit amet nunc vitae, tempor tincidunt ipsum. Cras et convallis sem. Pellentesque quis convallis velit, eget efficitur mi. Mauris id risus consequat, gravida leo nec, tempus magna. Phasellus mollis mollis blandit. Pellentesque rhoncus in dolor et convallis. Donec congue ex et dolor elementum, a ultrices velit sodales. Morbi et mattis enim, ut tempor nibh. ', '', '2017-11-01', 'victorPoo', 7, 1),
(8, 'Lorem Impsum', 'Lorem ipsum dolor sit amet, consectetur adipiscing elit. Vivamus consequat orci a libero rhoncus consectetur. Nulla hendrerit dignissim massa, non tristique risus viverra vel. Donec tempus enim ut nulla vestibulum cursus. Pellentesque volutpat ante mauris, at rutrum risus maximus sed. Maecenas elit elit, bibendum in nisl sed, pellentesque rhoncus augue. Vestibulum venenatis, nulla a facilisis venenatis, diam neque rutrum purus, vehicula volutpat lectus velit eu tortor. Morbi tellus lectus, blandit sit amet nunc vitae, tempor tincidunt ipsum. Cras et convallis sem. Pellentesque quis convallis velit, eget efficitur mi. Mauris id risus consequat, gravida leo nec, tempus magna. Phasellus mollis mollis blandit. Pellentesque rhoncus in dolor et convallis. Donec congue ex et dolor elementum, a ultrices velit sodales. Morbi et mattis enim, ut tempor nibh. ', '', '2017-11-01', 'victorPoo', 8, 1),
(9, 'Lorem Impsum', 'Lorem ipsum dolor sit amet, consectetur adipiscing elit. Vivamus consequat orci a libero rhoncus consectetur. Nulla hendrerit dignissim massa, non tristique risus viverra vel. Donec tempus enim ut nulla vestibulum cursus. Pellentesque volutpat ante mauris, at rutrum risus maximus sed. Maecenas elit elit, bibendum in nisl sed, pellentesque rhoncus augue. Vestibulum venenatis, nulla a facilisis venenatis, diam neque rutrum purus, vehicula volutpat lectus velit eu tortor. Morbi tellus lectus, blandit sit amet nunc vitae, tempor tincidunt ipsum. Cras et convallis sem. Pellentesque quis convallis velit, eget efficitur mi. Mauris id risus consequat, gravida leo nec, tempus magna. Phasellus mollis mollis blandit. Pellentesque rhoncus in dolor et convallis. Donec congue ex et dolor elementum, a ultrices velit sodales. Morbi et mattis enim, ut tempor nibh. ', '', '2017-11-01', 'victorPoo', 9, 1),
(10, 'Lorem Impsum', 'Lorem ipsum dolor sit amet, consectetur adipiscing elit. Vivamus consequat orci a libero rhoncus consectetur. Nulla hendrerit dignissim massa, non tristique risus viverra vel. Donec tempus enim ut nulla vestibulum cursus. Pellentesque volutpat ante mauris, at rutrum risus maximus sed. Maecenas elit elit, bibendum in nisl sed, pellentesque rhoncus augue. Vestibulum venenatis, nulla a facilisis venenatis, diam neque rutrum purus, vehicula volutpat lectus velit eu tortor. Morbi tellus lectus, blandit sit amet nunc vitae, tempor tincidunt ipsum. Cras et convallis sem. Pellentesque quis convallis velit, eget efficitur mi. Mauris id risus consequat, gravida leo nec, tempus magna. Phasellus mollis mollis blandit. Pellentesque rhoncus in dolor et convallis. Donec congue ex et dolor elementum, a ultrices velit sodales. Morbi et mattis enim, ut tempor nibh. ', '', '2017-11-01', 'victorPoo', 10, 1),
(11, 'Lorem Impsum', 'Lorem ipsum dolor sit amet, consectetur adipiscing elit. Vivamus consequat orci a libero rhoncus consectetur. Nulla hendrerit dignissim massa, non tristique risus viverra vel. Donec tempus enim ut nulla vestibulum cursus. Pellentesque volutpat ante mauris, at rutrum risus maximus sed. Maecenas elit elit, bibendum in nisl sed, pellentesque rhoncus augue. Vestibulum venenatis, nulla a facilisis venenatis, diam neque rutrum purus, vehicula volutpat lectus velit eu tortor. Morbi tellus lectus, blandit sit amet nunc vitae, tempor tincidunt ipsum. Cras et convallis sem. Pellentesque quis convallis velit, eget efficitur mi. Mauris id risus consequat, gravida leo nec, tempus magna. Phasellus mollis mollis blandit. Pellentesque rhoncus in dolor et convallis. Donec congue ex et dolor elementum, a ultrices velit sodales. Morbi et mattis enim, ut tempor nibh. ', '', '2017-11-01', 'victorPoo', 11, 1);
INSERT INTO `tbl_noticias` (`codigo_noticia`, `titulo_noticia`, `descripcion_noticia`, `Foto`, `fecha_publicacion`, `usuario_autor`, `categorias_codigo_categoria`, `Tipo_de_Notificacion_Codigo_TipoNotificacion`) VALUES
(12, 'Lorem Impsum', 'Lorem ipsum dolor sit amet, consectetur adipiscing elit. Vivamus consequat orci a libero rhoncus consectetur. Nulla hendrerit dignissim massa, non tristique risus viverra vel. Donec tempus enim ut nulla vestibulum cursus. Pellentesque volutpat ante mauris, at rutrum risus maximus sed. Maecenas elit elit, bibendum in nisl sed, pellentesque rhoncus augue. Vestibulum venenatis, nulla a facilisis venenatis, diam neque rutrum purus, vehicula volutpat lectus velit eu tortor. Morbi tellus lectus, blandit sit amet nunc vitae, tempor tincidunt ipsum. Cras et convallis sem. Pellentesque quis convallis velit, eget efficitur mi. Mauris id risus consequat, gravida leo nec, tempus magna. Phasellus mollis mollis blandit. Pellentesque rhoncus in dolor et convallis. Donec congue ex et dolor elementum, a ultrices velit sodales. Morbi et mattis enim, ut tempor nibh. ', 0xffd8ffe000104a46494600010101004800480000ffdb0043000302020302020303030304030304050805050404050a070706080c0a0c0c0b0a0b0b0d0e12100d0e110e0b0b1016101113141515150c0f171816141812141514ffdb00430103040405040509050509140d0b0d1414141414141414141414141414141414141414141414141414141414141414141414141414141414141414141414141414ffc2001108016e028a03011100021101031101ffc4001c0000020203010100000000000000000000030401020005060708ffc4001a010003010101010000000000000000000000010203040506ffda000c03010002100310000001f9862c8a47730059d18ceec9de697d31c6593a52c65e422aba774c170ee5a06e9dc68f16ed4a83b2ba395f495b5822dc35888e61d0f676ae9161b356598605d715f6ec5e9af052a2d4a6f3b0c89f96c568adf2dd5c7f4ae41a5ca764ec391ea99cd6879aef91d8dc68dd47aaf1763b34a6986e72d7c1cd3e64cb5ac05869ea94b82417367f31fc35a895d734b5c4d2e9482d09a59bb8f08a549634633bb8ef34ae98e32c38155a22a2cd593ba03a43996b46ddc7424d3b70a952a86e17d12dac156e2ac82b96974f64d3d62ead8a6450d23bb75f67675a9bc50aca2d4699d81855e6b35a02f99e8e4fa4224f3729d8063f17d178a17b2b5b5cb5eadaf3c97a773dc0b73d196d52ecf9b5e773e9f97f2de20366d2d654b8bc855d0fe69fc34c4d1df1d17671d40934791dcef51a1626acb08916cc5d955d52bae164f183a5822cd166893721020dc0ae375c7d6c468de99a89cab1d4834957582ae81bc8272455b59b534cc8f43b7759bb2fd0a9fd8b9d6b6f2d4d651525d221970f388bd215c6f4f2fd3792626e4313f9e743c7236daf374db2d5e687d3cdad27463d85c2179d26f6951ebd27cf9cde86661a292d653d24908ab77f21fc6b134f5cf41dbc43a9633db7f856cb3ae27aa08a476a5058b662ed3561adae30322729e04341b8a54d5aab0f34446ef8bb4d16e699a69dd58e92da4ada6663a4664bbe4b9a19252e0c6a6a2eb27a2bd4eabeb3835758ea2b28b07ae5668c9f9bc5eb4d3cfbab8fea4c87234b27e3f73f34e7d05cf4ecb93b1b1ed99add2384db8f5fa4a04a63743bb211bae3f93b6d0cf9da5b4277169465d2f672fe3589af79e83bb88f008d37793dce57c2f541e50ae6a068b673d2c394d6d721b9a51202b8b2089e347cf4813517566d39ba4d9e8eeb9a92eca83697d255d3332ea8314eb8ce6e450a5c30f7b925327b3bf5baafaa25692f0d5b41d20849e835479bc5eb0d7cefab8bea6c9bb9e9a167c8f3bf2e8662fade6ebd9ad3789f8d75f9f572b542818c751f4199f9ae7d9c146b6818cb4437856e314b13d2dc2d86062a154f3bddc0cc35eb6de633b9cab86ea93c80b8c19e34633ab2ac05b5c61b94ec8868c8ba6bdc15589cb30e4bd9f2f4965bfa4249d950a8575857483aeac58217c8d9d169cd4d3361f4dccca67b0cefd82abe9f99e774c39dacc8ee34e76db75cf9d469a934e07a38fea3cdecb3dbc8aa7cdf8fd5f3ad79b5e4d1274a42e35ae550a85da684fa7f53caf0f9edf3c8ab669acb5d7f442d530b33ae96f33638a99a0dcf3bddc2de7aad46db25bfcab85e992242b9c0633d58ceec3805b5c694ec9e3779a8712cb4a2261b86b3d2036bcbd2454f6909a769a1d0ae90a6d0c2ec98e5d6ebcaf4f55964a5c335d12b3291b1cefd8eabe9859f2faf372b595cd9ed3062e180f3e8d135af99f570fd6586db1c77f9ff0049f25c3a526698855c90156971046369b6b68475bd1e777f875f0d8fa9e7f9eb932ee1a6bfa655a8aa8627a5a95b1c02452f73ce77f0b59d2d77b3ca373969c6f4e564e5964162d89bb4d4316d71153ba089e17159d912a6e551c31170dedf93aad2ded614973362b15d3353586576de39355b736c67abae5cea59ced6d130427679dfb13afa52b1e474e6e3ef359d6de96cb4c429f119eb45a7987571fd71cfd1b7e7e9f9a35cfc29ce944f2aa22c18020be3d2d63d02edf33a2edf07b8dfcdf2df37eafa2e6f4b959b849fe7d35fd295bcc6b3627a5995b5e72668173cef7701491ad5d83739d71fd39433133c5311a1a288aea2576c7072164e1ab32e940aca8570cc5e0f6dc9d449a774cd54ed3a0292bae6a6b2c2ed6238bdcbaf87d325bf9efb973aa6fe6a2b8055b3cabd8a9fd2378f11a72f1559a147354fcfab3d045fab4e9d415e57d3c9f61f3f46df0e8f17d27e65bcb5498d16080770e9271f7c67a14bd6fa5e3765e8fcfab9edca70fb9d32ae7676a25b2e7b477496b0259333d4c25b7e653161b9e73bb85886ae89ecdee31d396e8886a42533c59e2aeae8e56db1c5564586beb9379ddd02a92ce81bcd88b94f6fc9d52a9fd335555a2c5627ae4ae9267dde9e797bacba38fe6eeb15b0d79fd43ab87d7c5f2dbae0b1bf5db7f485f3f2979793e99f88b8d00dd1a2d382f6475c16dcdf61e7a747cbd949d3e24e8e5e465b51a3136d86ba4b79feba866d4587a213e8e48a84d376a873554b63cfa2baca1b481e0ccf5b30b6fcf24cec173cdf7711a5ada4bf9bde637c8f44d5ab224678b345126c772aeb88ea64318443117740dc91680bcd89bb4bdbf1f5dd3774cd45779a1534b6c56d06cebecb9712e1da44c540ea16d71ec3a38ba7d73f12e7dfd4b55ef5a717cbfb63e5e010aaa2a21956bb9a9d9e91f53a5d3f3f4d93e0a37f9945cede3d774f95b4ecf079ae7f5b59f2ff007c0720eae2577c75dd3c79875a779b86e687129fc3406928ec95ae76e3b0c8dcf3664cec54b9beee1ad66bd3da63a6f32ae43a26ad59394333658b24d8aa15db1865e6ae12d124b80da92b00d3579ada72f45d36f485555955189eb929abda4f575dc3a379ee4297a956f31699a1bf27d43d3c3f277376757bf3f1fbf173ec105a68850dcc0d913553d3691f59de5d672f4915732b6f23678d4ceb35e5ebfabc7d2f9bf41abf3fda6f5c753dde6aae564c5875834cb675ae65a4c2732d07693d251d39dc8eb2a379cb058b0d4f37ddc5479ad66d31d77193e4fa26ad593b26c4d1a2c9362a8536c6caae9c81132278d40e1a1540ae68d751e67a174dbb9593b4d8ad29b64a6b5d273f4f55c5d468d51df1054b3361bcd7eae0fb13a387e1ec7af43d7e7a6e6e8226935754ea6bd4bad6edd1af2fae74c7aee5e9d59af16f5f3b8361078ef17a08e7b2151aee9e3d9698074cc770ac5a98754eb834fa673bbe72d67ac395b45acdb9ddcbaeece83972267a89cf37ddc4b6982f4f6f86dbac5f21d330291d936b3b22a2c58ae16d7292b0556aad59a0dc0aa71bc0c15d1d7793eadd0dd4ae3b4d86c535c41a6ddef07a0d66d887a2ebe5d7ef8759c3e8f0be978e5bc3ed0acbe2f8eb73abcee20434113954172661d9b2a5d36769eb8fd5dae1b1e6ebf0e8e8efb1db4ad795ebcdcbcd1fccf649c5df51bb9d79f7d27ca6eef320f4f9eabe98de3d06628b8a32d49097d2753bf3b99f55dbe87972367a0c5ce76f12f792d4f6196cfe6737d3960591754d45122893a074cd3db1b26dc560e53722f5fb62beb9e0e428d3d8e9bce1ee220f482178b06893d729ae8eeb83d3b24fe60f494748d8e5b68bd0f2749b72fd31597caf9f5e93abcb18193032c9913135b6b8d8469dace9cdedcdf56eb9707c7dba69d7a3d72e1a6bc7de6aa26a771c9db7e6ec6fcdf5f51e87997f57c42cd73370071b7cfd2a67a1f08bbd98c92fa2d3f473353d441f49c791f3d06d73dd9c870c109a1869b48ab52c2c5b79ddd324681bcd5db2869ecb4a954a4d4da5ae15a991d421a771d779c3d98c69205059b5ed27ae4b6bbf71e7fa2e4dbd1456f557965c9bafcfd513f4d69c5f1b9d1a5e9f357038ee8a098545b83b37115d45ced72bef55f363e6b6cb8c9347350031018172e26d67b132db57d3c651aae4d51b5c7d55e2d9e688bdddc12baad3f473313d464fa6e6c59c6c6ce6fb3939bebe58080c4122eeaac822a733bb4b24e81d335b5c6952cc6f57523220178439c736558d5e5f49e6fa32365c85979b5ad27b64b69d1d472f66ef0d9d8d1a491d31ad4f35d9e7193f6ad387e6dadb53d1e7acaac0e270d2ad3ac705d0c330982b6567308e4836e2d5a76094d76869bf343b468685c5e945492a5ae6f5ed16d73675adddc52da9a7e8e5627a8cabaae6e7d863a51ae6faf9390ebe71b501816440ef34c45bd8eb602c680bcd6db1b26c2a534ce2a6584cef1aab52dc03996bbbe0ecb8da244dcaa5f4496b8abaf4ef8e7e9383d63e7b32902e10d6347d5c1865be59705aca9d1c49cd513969b0868d53b8cec8d6ab3a61357452d201b31a30eda4853005e5ec568f27aed31152039c11187e7f5aca9be5ce2b673117d5e9fa39589e832bebf0e7de61540e67a79f83ece6ab426ad25d98131a1a29ecb5c02c680d325b5c8c99135b4922678a05c0e95c2031b731d375c5d974da523a78ad7b9477c35bd113a71fae61d5a7e0f79a8b653474cd8edf2fa3df97c7f93a75fd3ca5e8e2d5cd526e0500d328d0d1d5e77bcceabac72f6b552fdd26fcad5691e70d018266e72d11b2d530e6c981ca8d165bd8fab8c6f9632b56f101a1a7e9e7623732bed71e6e9f2aa2396df1f38ede4ba12b5792e1810ad8cedfcb5ab0d9e8beb9abae0c459e28365c2e9ada663a9baa8a582731d775c5d844d910a92dae5aae9e7d6ed80c441f6c1e838f5723c7eb0191a4759dde571b9f4e8b9289dbc21d79a693b71aecb4522c2d0e284c765ee2a522b509bf15b76f4ae0225ca9a595140a0329ef952b53d64d718242f3730f5ea86f9b3b2d98862d1ea3a398f1b1d69e818f3f5b93c0e535cbc8fbb91897afb8b8111810ad8cf47b2d200b3a2fa64b6d8b5959158aa489d860bcc1725555a5887b1d773c5d75bcf5fd5cda9e9e710b021964582e9fac35bd55c2e3de9511d7c3ee97cbe31cfd3cc267bcb569d5af41db3d42399e7df7995eab49f454f43472325d3f428db8ea8ea797b79bdb9f9ee8e62b421309fa6e7b24d79f5e4b0b718ecde77b3b393bdeaa9ae79b2d1ace97d5eb77c0d1a98d3bfc79fbbcc2872d51e31d9cdb3c37e77af8f00e8866468c676f67746c9162d33536c1ccb5c1c0193c62fa66bdc1e6eb4b12772d9ee7d745dfc5426ad4840404b2e164df6bd85cf06ce78bdbeb9fa119934cb4c1ce63bf1996b51e012a68894d91ef53df52f3986d06c99ae57b09ad8469cbedcd61764ab7dcbda9cbe23a39759ae346b659e9d37375bee781e8c2f1d47c962d5ec694da92d7024e8635f42c30f4252ecbe4aa3c17bb91897aed7324960c66468c677b0cac56173d43a64a6b8bd9683a2c99d3a340b8535cccaa42f2ddc761d421bf3d8627360a840599644b7646e74cf51358ab79b65d26b9522ba5d71d3468ae3af9c67a40ee2bb4baa322cc109f8b6ee4b37b5cf7e476e60a081b69af6ee4f47cdef0e177e6154e3541332fa5e6ea69ae4b7c0f15ba9d7446db3e4d14de95d7195665afa56197a04c6c64e61af9cbd1e26a44349bc970c64c6878bd863a0a912350e98abae2ee5b568b2774e1a94ec129d690dc925836c57d33b2756a0583a0ac16090c0bb5b3a5ac9adf5c5f49d0e57e8bbe1ad4f701e51cfd14459960c069509cd01b1be9b13634f4ae089b61ef5c9e879d35c5f5716bdc4a62081bf26cf2dd0df9d40846de2f58ef61cbd22bd15d7182ca6de95cb8f76a37c9e883e62f4fcf3cb4e9592bb24531ab19dbf9681a448d05a641b9c1e350d48c579d1ab8cb2c372c41b2e7df53d5cd23a3444c6e6c9d1ac090b2319822350380dde908cb61aebfa318479e73742caaec90641962080a764d89368ad165651c7eb18f4fa363d5e47d1cbc06982e48d3b0489a55b5cf5f5ac7a7cbf7e6e435e77531376e7e92add5d7282886deb3cb9762a3a18ad087cb7eaf9eec08693690d1ae0608d35b0c7505224e81d3205c19548a42eab016d21dcf5200da1565225748c09013582baaab980c0b23031ac6b0771b952b26f546f3483d4ea62f9acb591e2674d76869980482034aa0430e8b3d3d8b0ee525721ae3e71d1cb2044ec87a6b7d9ed6a37b4f81bc354a36137abd32246ad61d61d1436437f52e4cbb898df4524cf93bd5f3d9914a56150200b36d677b1cb50b09160d720de644e5a90a85ca1b96268d2e180bce8e57b9b0f02ad0c529d82058cb231982c16059b96609863153d56f8ea73be571d8e991884b94c63a93232010782b23d2f9fb054699c68eb34b5cb7d9dec26f46e7acc7a79cd3335d63cf486754b651a0ea75570cf3f552ee4ab3dfd27931f40cd6f65d43e48f57cf650954dc0b1649723b4d3d9e836122c5ae2b699913b0aacc096ac9caa666aae43702a81b247881d48c2477448a196460b1ac1e32cc91484b196b63a419ae639f71cd4278d36d0c289866e6b328ee3665922f7cab96d33dbd4a317d67276a1ae4e8b5570b317bcd0a8189c9aeb73db7353e6159df2d6f5b595cbdbd0b8f2f49ccddcba35f287a7c37729d4d90556c67a43532dfcb40d048b16b8aba6464ec1464330440a8351775b2fa732da454564e006d50242c8b0435239160b19254b522c09080b324290d49b1814196a8c12273da97991ab2a3a0aa9ea5aa260313dac69507668762151acace44e27b95652932692b5aae0de554d6fde7167e910b730c81f2d7a7c34252b996893679d300998ee7a0e8bc58b5c837044ec3a0a5982b040d89ab262bc54d2075361c04082160b22431a909648b02470d60f0501838115954299e820646701b900eb3479d274c8b35427653a29538d08464d0a5bdcf4d9cdf3dae0a3550d9aada2d02e35ae4c2f652f82caf8c35b2d32b7ed38f3eff0023a18abb9f9dbbf93612cc9dd1c57560592585cf4772d294ef140db11b574ee026b295c924eb51113b941bc14d33a35608080a060591212c96629966062aab50121012cc158289af1740606d001caa3aa668d674c5c9a1b5b48bdb2d39aacdf46024d29718d5c124f64ab66ad370bb9641857ac70bcb627a6d376ae8eab933ef717b78776bc47bb942d0c5466bb4c988d305336e676265d5874c474888960c25a201274ab4402cd86f04b5cc6e64202006c222c8c090c66060a0307010122864b2c102818a6c723433095a404eb2dbcba56df976c049a54189b69041eb6a022b3015320b038360401186455af7214ec86677b4eb6ae8e8b933ec7236f1571792f6f26e39b6e73a70ed387a7ce7d5e1673d21969a6a2c616562d7113450b00c31874162c37244cf34b698a3ae55a502c18d95115322311810121010181810c9660a5961502c008ba0d84598b8849e26e67d00db95a1925ae3c4db9aca9139a84302e7076097371b734b8d4722099a622ce6f01274ef39b3eab21f8b973e7fd7cbbde3db98ecc3b7e0e8f33f5b85acf4a3569b662a8dd950b4c454ae890a3664da9636e95364d89a13cb59d18435010ca840ec8ba251818181018181218c8096accb0a025818b0a664ec481989e0f72ab66e524f5c01451974e8e6ed01ab3250de3d1d778feeed78fbe07a8eff003755d9c3ccf6f9b468f16f65d35b062b574edb9b3ea714e4692e784ece47f9f5e7bab0dce35ce75e2c67ad1c9a2d89aa05e6c1ae03a455582819132aa22aa8ae9dd3c73a4ece3c6ac880818c2409260486060606060604b21a90b3570c655159b5d171ddcd9b900cbda4530a947366d24ae0362ed140f9ead61d1bbe5ec9c7a77bd1e733cbdd4e5f495db9b4fbe5c87afe00aa1ec776a3a01ac0899ae8d973e7d4e233152ce23b3906f3d66b2c4a58bc148dacecf3551d952dae03a72129cb5015a9b048590beb156a1494782c4ea151d42c8b048b024303030319812d6352170c0a0133d0ad0c77055a0a6446ca6ac9e523dce925901940e69fe4efd8f3f552f3c4d4d269bf2974cd1b86b97b17bcf55d3c769ad8f3f49cdd4d311b9cae8d873e7d3e4166a05ca7572b98de93a31762f41d5cd2a8936e676c45c0eca93db9a9734652a4f2e430678b662856b59d1cfbbe4ebd4f4f2ca242031183a840484860a43024319818134a0242c290a01e2995500001aa762d0b879140dd6b06672b1444308da27ac54364b9d8468ad42f974bdc9ea23dde3971e94f7e556f2b4ded797a72f6574c282cae8770cf7d922cd60687a39b6dcda693a717a2f9dde4ae56a9733b3454aa81a3d3cd5bce8cc190520ee1bb59680d7305489adc73efabdf15b5ca518891ca3020202adc8ac2c090c0964063202452166869b6388a94cd3589bd3a68f5c0ec4dad88599aa4111810d141901b2a9d6356b9fb0b3ac3c91df957d30c4ed3aedf97a85adad78d4515bb9867b6cd1a2e2a751b62ee66ab58625eb6d92b3529379d9a6b0ac04b7e7b3986e826a6ae8a1468b8a58100541b2d6ad69faf92512128b278d6d99d6547273b6a49a932181818cc080c09096b00a99274990e81360723601a744c8d21aa22008245b273d367afbb6dcbf3765d5afcba6951679b0ab5ba6583b4b24ebb5e5e95b66be98c255ae8730cf6108f9d519abe8e75af25a951a6b2dc3715736640b025386a5390c6591609558d6063305602c5bdcfd0aef86af7e790b22e9b0cf6ea8e738fd5d4f2fa13af3bbd1c5cc95a6df8517121810181816a52160bc6940b3529c00058d3a3100802102335be23dfb1e8f08c74f435af9d75726a6f302a65cec93e6e74b1779731a6cb0dd7d52ba6569297bb98c3512d65746b5bbe0b5e40a4368b3a4954735730cc15878224b864350c86ae9ca7218d4a2478164f070d2f7102223b117a2ad39af2be8c60260aa677e21aad0f579bcee9cd8101218166b185681174020383450365c440b055380221d67d5e97aae3d9f1e70f5f3a2e7bd0e0434cacd103669ea16d23945a2dec360ea94d32b494bd9cc65a84c655566bb6c2ce0403a94f44cce95102e2058120fe7a400290ee21ac61e2b02021a80c659169a84ead0b4cc74ac8ea45da61d68f9fedd450d8ae16bcc959b5d3c5e6fa716054242c2b52c11182ceec3c60c062a8e40e822746a82d9e74f53fbb25f48b7e2e2be56e4ece6e3552e11df993db9c1a6365b63732ad14e65b0b494b5c890c77b379431098caa188eb9108182dac23a4399e849a56e07738c916d33d36586ba4db305c452925d8d09360685510d434507b9f6d7dc8ea69a4d4529995eedaddf9ded9e691d231c60d7a95fa78749af1ac8ab242c223502bb792c73571c225a0b564e07697951666ef3bf509e5fa231925d353a5d1c028e216dc5bdf945d3ab9d755d7856a224bc36f2d45a4a5ae65cd8f4d59ca0f298caeac5af30de3655aedb21d4bf9eafe5a6b35cd7b88656a488e9f9ba35342ba674a91d234be830e8d654ada67048a960743cdbeb684b4cf2e44e6f34f63d7aedf8b65975745cde925a609de4cc590a074f0f3f5860435012067300465a586684cb04860b13625cad2291d4ec617d4f3e56dab43c3bb2d0c4101addb256a7c0f93dcf3fe9d875188be6dacf515ca5ae66862bd19ce4b09ccb4134bdc52b12cd69fa70ab5b0cf4d8c5e9f48154d595710d74bcfd3ae186e2970bdc545d17375046a69951a52a06e77d86f0ad0b8a5c5691b3a731ec4f5e7476e634e8cc6cec6baed79a8e21a80c0ab501204a9b208c1cd08302e9d1ab2720ec34ee6c1b787bfbc3a0db2a08a9e204cc0842ed02cd465d1cde1e809ac4af14d65a0ae52db33e741bb6224f98c677505ef3575c1acef51d395897f3d1f9bd369157350ad2ab9dc61d1134be9986a437182e839ba946c5a64170ab43a8dbe5b1f3d53d20559d2975dc7d3a77b27b2d76fe7606048e5322319018156a0300ad4b4400aaa22e881d59644839154a9bb4c27af6ba7d72b0604054176153805c0e2d361e8051095e29ccb40dca7ae66861d343c49f30f9d408172ae9cefe5ae8fab9fffc40035100001030204050205030501010101000002000103041105123132061013213322411420233442071543162425303544264036ffda00080101000105024629c72a6d5b9322e516b36e3bdade92b5ddee5f9078bf943c72ef8b6afc3df91235ec08f48f51de8356e42b8783ab8ebbf79f733e54ee8890bf6d54b1b438efea4b5b1ae1089e6c623d9f2d4e2b4b46abf8a861a72c7eaebdff0078932b634d6a6e23fab063b4f307ee1048d1d648e765fab3107edefb3f197c0fb536e3dd4fe2f625337d38c1ade814f3027a865d77e4e5744f74dab72145a28b5937c9756f4bb7ab53436e9337ac6fd2707751b5993ecfc9f9123d5f6b6d95449b540997b82e136bf12aa8d5d933f62425d874c4db2625fa99ff005b82ff00ebc5e3e724810478df1cb147262f29153564b335054fc33f4478820a96a8a03f8b76930faf7016c625328b8d9e8d601c70d8949fab5ff2bf06d0fedbf05ef26fa6ef18ed9194be27574e3e98a99e46fdbf93a74c9b5428b450b7793c923bbbf7b5bd567cf957a0575d993cee9e477516d764fb3f24e891ea7b7f09b58536d41a26d41706c3d6e2753b2774c89d335d9962effdff00ea77fd3e102b6330f78f93bb0b7187160d63c3506d53040dd3cef2bc2442f31bfc7e2f21e78fba69ec3fbc4cc8aa1e55453e53fd42ae0ace19fc0747fb5fc17bc9ba9340d84a5f1172fe2a7f1d97b90f776b3b21d50a2d14799938ddf28ace2c9e64f2baceaeaea30cce5174da2d116dfc93a247ac9b5f64fba04de1743a20dd1afd3e1cdc54eaa5ec99fb9127ba1274c4b1eb856fea87dff0bbdb1aa6f0f2e3be22f848a437354b9517aa38a2a6c3e9e9b1d2358ad54670e2f5c3885446d669e4791328f6e0383d6630d8b4c6f87b6d0d1bbd2378df56526b4ba06c252778ff00327771fe1a6f1a1dc7b8f70a1e428b4bd9755d6627595d77594914240cd1dd4718a66b2b7d4a8db1b76b22dacdeb7e4e8b5913ed9f7c3b5fc0e9b441ba35fa7237e267556564cece88bbe6ec367615c49f75faa3f79c2ed7c6e9bc2b1ac60706a6c58a6ab9fde33b3531bd58c72075a6301a4733a89a49845493acd9968a38eeff00a6025262fc490352c43a46a3ef4a3e32dc28d52a0d8e8b6bef71f4b78e95af1d90ee2de7a8a1e428d3a66f47b7b3687acfe2141a3272cf2546d8f4747b5b73a74e8f71eaea6df1ec3f0bebca3dd12fd366ff00e85f5ae259ecef266663406a375c4bf75faa0ffe4b854b2e3947f6ecbf500acd4745558a619361f352554b19c2435240475a7d4a8ab96a55f2a7757bbdeca2154d27d5fd338a0f82e36ea0e2c0a2507807c67bd916da551ed74fa16e77f40db252ec4cd67bfacb5143c991e8fa33fa6fd8536d3747b450683dd17692a1bd31e8e8f6fbba7448f52dfef2ee6f1cdb3f2e41ac7afe9aff00dd7d7117b391a09ac4da47dd35d97142fd51fbde1c776c6695af0b32fd49ad76ae8f88eaa9e9e7c58aa82496eccc29d993b3bbbbdd3b2d14315d41134875f81f4687f4db198e9712e34ab6a8c523d62d29b686d93736afb69b50d0b4747b9f60694de2bace989599d30d90a742891696f4b37666b35bd06fde47b8828d0a2ed2d46d8f91a6dc9d122dc5bdb79f72d461e13c5f119311e16c4f06671b72041afe9b7fd9f7c51ece66864ef14d9e3a73bbd46234f48b8a26cd4bfaa3e7e1e7ff003543f6a2bf51e4097153d2f99452fa329ba663644f76da9a3274f4f1b031390d350982a394a9b0163769b18b9e1b16e8f6d36e8d4bab6afb69d027d149bbf18aca9bc6cfd9c2cacedc850a742a445a7e3edecdb641f54e39441aec1b419137d5a8d013b77343aba7449fc8fba307927e1cfd3783a30cb83610bfaca86f4b8fd1d73e2fc1784e363c41c0f8870f3026ddfa71db15f7c5dec444a52e98d5718d3d22ace2aafab435f2b3e1f8abe3d857ea82c00ad8ce1f62a5615c798492a98d8242885d74dd95c97ad515149547d308cb47ec9e9c9950710d552c18bf104f88a07b36312b15245be3d94de68dbeac89912a7d6364fca7dddb206fa5f1d91224e8741e428d1e9f8fb3ec16ed26fa942d710db1b27ef2d4214e8936a9d3afe55810d3e1838a715d5d7b750c9667654d5a704983718bd286178bd3e2f171e60516138b7f27e9e7fd517ef890894d8d71150614b13c6ea7133ba8e58c227eca96a9e9e5c6aba7e2ac27072b62b843e6a06253c4153071361c58762e6195642e9d103d61d5c250a0a828de68be19e58cdda0898466028947502c334e52a72f55449d4787cb1ec83ee43ee64dac8941a86e7d1f5a9de2efd38fb4b49a5916a49d0e83c851a3d3376bdc45d667ca7e4a9437c81b63d5fcb50855bb9a6dd64e893796066297add5711bacb64ecbd8eecb84f182c3713fd4ea09d8cfcbc0d9ff0074c4b18a6c1e2e23e349f159489dd392baef6bd93f65c2d89fc15554d34741c5b811ff008c67575c41c31162e78c613fb4cf0080170a4e1498c62b85b51cd8a51b7ed8d922a79a02a55f11d26afa8f8b913fa587c97ba87cb1e90fdce95b26df6250ea1bdf47557da517f407969393ee24487404e851a3db93d392c3f8fe07e4aa4de21da024981f310e642bdc936a89121f2d2479e601f4b0bd9c510763461d9bd336231d4e25c0b2bfd5c2b1ff00e9f9315c6ea717a8724ee9a37759823452149ca26cc387be43a098f10e20c0bfe7b72c5b1a0c3c2a38d46a1c43ac199c4e2e2b99a1a8af931baead2e854b571f4ce45d2703de7295c81918e550f963517dc49dab666ec89449bcb6eceab5bea46378dbb4b4bbacbf326ee487404e851a9347d1f6d9ed95ec439889d8d67064f3b2f884f393a6377265ee6857b3e8487c9868ddc5999b4696a181054b4cced71376b53165abc1447f6cc44bfbe96e49d0c6e4b30468e57251c244af1c2b3bbac99608b0aa89687027cb8d607f682b13ad1a4808c4c31bc330f92971aa58305e1fb0cca5c35897c3d4c2ce065201e44c4152ff001dd32209a39266f54239a4393aa7179437079aa7b55cedc9f6c7a0b7d5b2755edf5036ff00252792cbf32d4d0e809d0a3d5ecb30aeab32f885d52759657731202babababa0de2bf2341c8b4254e39e60a41143dde46b31d3939089b2b3141552c8d2c53f48f86899a871887e1f16964c3bf6472b139392685dd6608d3c8469a3b3044ef21d8a7c078824c22b30d28ffa87012bd2e2f8ec18241538ce2b8bd4e1bc3d59153e2bf14f4adc538c6174b2574873c750ca6965650564750a5a3a59a3289c26863a305d33c4ea2716a79065e9a8b687907c8dd8abbb4f53b97e01a7f2d93ac45bea4237078cb3c2261267917e4fa9a6d01126d0f59190376210238d842527fa44779a7f5cd346c0508b3bd858405b3b8673656f51ea0ac893aa2b7c54752e7246b7096834a25217652d0b54c41d9bf4fbe2db099e579ea33776eebaac088c8d0c0baa31a732354e4f1861d48552a2c0a078e08e3a7c6b86e377a4c4700abc6314a5c4860a7878f25c3e5e2ac4f10af92aabe59cf34918c354368ea2c330c350a291d9b15833303d205384730d0c8fd99ae8e9a5a643bdbccfb710df53afbfe21a7f2593b2c43b4bd7a716f8ea6167c4e35fbab2cbdff2343a02743a1eb2682eb3e6942d9df6bcafd727fab51be0d5f6b6f02f5b2d48d037224eea3dd08e642a37593329e47ea854934b87625050e210d384951c4bd3e1ce13f66da841751993094aba431a8a60753764389474f055713c55d458663f58f20d7f10b5253f1cd3fee389f1ad513d5e158845486642bd12313bc4ef625a263ea286acc154d59482c565d72c857250fa0ea2509e56d7ff0049786bf6ccbdff00105ef664ecb151b17c99dd7515d9d3204fab68fac885aead9651d497f2bf927f243ab37a5fb1c7e464dbcd0b2b234ea3d70c9dda38dee31ea4f900472292d96ae2f54525e2fd48afea51976a67ed0e6b2102359238d1543ba7eea99bd50c5f1054d86c4410e29451aacc6e09e9f0f9f03058bcbf193c8f67971eaeaaa1bdd339046d2dd8dac99d07d368408dc9b333074e4edc99f9bfdd7f0d5f7a63ee2fafe11ea0d78863cc9c3b636164ff00265b2b59326409f51d1f59144aa0ff00ba634ee9dddcc7c9537eb42f65a8b79236faa29b79ea3c8d120585bb1cf6c8519f794be9840ea78419e60c8a99eeb88b16fddb1797ece41fa6f604f29208ca45942243506066d9030d10ab7c460929a768d9d746e23f4e42b83bc652492e1d2e1d38be5595cd3d856883d44ddd3b74c65a77051b66621ca5743ea26e4ff74de397bd03f8c9378e2dd10bfc1c63951c5db8862c90e5cc9e37e564fbbf265ee09f5f6f79141dde70cd5431bbb74ac6d18b4c3e5a87bcb08dd7e21de48bca285bd65a8eafa922d0a5caa9672a69b20d6d3bdd90ccb3e653ac170cfddf15e3bc128b8725837d43da0381e687a04e7e804f291266510dca59333c44e054151492553e2d8482feab08562789cd8a54f53b70ce338660b83e2d8b4d8a54d98566477625354d30431caf7222cce775135948f737d6394a27ce52722fba0d1bd587b78c9378e1f2537fcd18fb147db8903fb18b53e7f9fe6c9b50d1f5f67d64d69dbd4fda71bf4cbca1e58fcd3f961dbec1be2f28a0defafb495710292bae8e423e4cb87712f8796a689a652c640673140d09c95929c6dc275fc595875d8cc7d9474f0d64250d5618c0d4d524780f51cf04aa853d290a93e98cb4d2446cd9504776a4c20eb157d2d3d3a75414e7513d4c655339c070c84ebd49c8ac9d5aea1d6b30cafc321a0ad786aab718a7c465aca3680842ead95d17dc45be0ef451f8c9378e1f252b66e1d014e0b8947fc386a6c5ceff0051b70a6d453ebece8f5a5677367faa3e32f4ce2ff521ef34de487628bc90f94593ca3114d88dd1ca523fcd8162bf17155538548e271c94d1e1b8abe1e542655f598d61b495832d1c2f2d7d2cf4353418cd561caa09a5963aa9a054bc6e4d157e391d5282c1535f8c957494930c35f2f0f55f14e253d1d161e530009c11cb50e78057f0bc7161cc521d3348aa70db2b267b22b2a5a496ba5a5c3e8b068718e246ab0965294632caf018bbbbb494f4b874751439b33a77faf179697c7178cf51f1c3e4a0ff00f9a16593d5c4d0ff0080a62c9255ece5f9b6e14da8a7d7d949ad2ee8fba16fa3ff00a41fea41de497c90f8d42df521ed2cf2f4a3bdd3b7fa28e77a79e0aa69e1c431a19a5228896138c458657716631261dc6f8dd3d1d6414f3f49b1ae1d3c3839651751c9d246f2564831b46a22002c1b88eab01ace25e28fea97643d97ee35ae1252c90aa3c4ea6273c520a863b39b0393d2f0957cd4a7413e4a5c363a33ace8c7213df950c8c336279aa60c02a9a8e71bbbe57bbf985fea5376962f1cbb87645e4c3c73f0ac037130b9f10b7ff3a06e0724a6ecfcbf36d450ea3a7bf23d699dd9e3bd859fa796f501ad3f690f7c7b07bbc424c5033e7ac7bc9c9fb3fce3572c94ce2513a9a18ea30ea876afc0f85b1b1a29a4a30ea70ff113d25671970d4580d46676599338b22989d90e89df3289f2a131668236925c60630a4633c99590e987d11d6cff001f3e13438c4f963924ceeae9c940d99e9e6725415b0d2e20dd8fad63a9fee6805fbc5f763a4dbc76c5e4e1f3ff00014962a776bae20063c0ff00293b8aee9b78a143ab69efc8f581dc505d819bd0dda4da823607c912ea442be24193d5a866229a77bcbecc8990f76f984de322769a376b161271128ba94b586394a9652c670bada31c50711af2c4f84be411bacad95d33b310c6c4b2864a4a982964c66be3ad941ee80732821794b0ac30787f0dc52a25a79aa00a493a6b23a707591d5303b3b03f44c18e3762cc4d99519d83478dff00bafca6de3b63dfc32dd5a1c319ce86d758d47fe0fddc6c2fc9b78a143ab376f75ed9d99759975dd3c849fa997ea3ab1bae895e4a528c4603354fe890cef57af2daf7bb3762e6df246791cb72095e484bd6587d6961b5b54cd4d53446d254cf0953cfcaca184a46998a92672ba2d622b3e6541184d35747d296366b3f66e0fc26e759d3adc538a70b970dc46a24f4dacd74caea1f58d38b4a9b8869205c4f5ffb8570126b8b55482f3465f55fc936e1d037f04b669304f56146ddb10f561e89ee0fad975195c57641ab7c9fc93b7aa564ebf863d82fde6d65bb042564de598fea37275a27ff005c26cd4ecf67905a58f0d97e2e9299d8db1c8dbe2adcaea39de34ef74e8cc3a41add529b84f56edd7889af86d2bd75554e2ad43471d51137174e53d5b9672f521eeb2dd414d98be063a518f108a16778a68f106719c5bd75109c4ddddc7b1dfeacba8683bb82cfa75180ff00c92bbbd4479e9d938fa1fe46641ab7c9fcb33bde4be62ba7f1897d38f74cefd4a96b2a6bda3ef3cfd8f9bf21d3fd7148e0fde093a82f2e33159dd40622f234195dac85ae4faa1e51ea7dde38cca4a03830da68ebbe91622ef4b217a09c1cb0dc1e5c41435f34b84c51c847165a48ea2a7aee0ec22d8a1c4aa26ea15aef201cb1fedf358cae77fa868536bc23df10c13ecaead9d68f7f43f289b348f18e5306040ddd9373fe497537f593a2f1878e1de5bea9ee70ec8bbcf2bfabe4743fed88d51c8ecd552f52932bbb976222bb28eeef945d3c7db2e5741abfa5e2d4af9a685fa62c407431534d24031c7554a654400f68a9ed0c73d43d4130d94d32cc9c6ca3675441d2a7a58e9e5a995dba82f72243cb85cb2d7e0c5f4c8ece04fd7a86cb3d9b23ab289fd6eff4a5741afb327d3d9bcb26e2f2be87b07641bcb754f96177600fb8937fc8e87fdd9dd889d3c8448b7216426e0f27624ddd5ac87b3caea24457292a9dd80fea4c4807308e624750f50aa189a36c969a5eee5dc1ae86350c395be2dc14d54f549b0e67471f4677d07970d3ff0092c289999dee80dba95e396b85be9bf28f7178a4d435f664ebd83cb2b5a576b4ff008c9b2df4606f55bd753ba2f153f6a89bcbcdd3a6ff007dee0cb4e409bba37bbaf7b5d30a3f546d7052d2c9134311d43cf07c2491c6f239c471b3c846a824f86796ba22798f3139a01bbc40e4985a24722391cd530b996038b601450717e234789e3bec3cb87aff00ba61d2643cd7112fab59485518c0e013bb370b9bafe9951ea5e33dd1eba3327d146ff54efd6efd7fc65dbfc308dd5ef24f6ce16e943de63dff002b7fbdb93e88791275ee48089dfe1e476067192aeba5a886acbe1e018ef208646ba90449d832b935938e50ba86364f3f6795eeef778a179114cc2c72267f57b0f2c14b2e25445fdd756e9a6b16273152e35fbbd4dbf78aa5fb955a851ed9b786bec29f947e437cd3df34f7f44bd93b7d189f2b692cef720776861f3c9de4f91dd37fb9f46d5d3e5b320e45cbdc99aca8ab6a70ea89273a9a877fad593750e18f3274677574fdd0eb215d6551bb3272c89ddc900a926ece7c997b372c31ed5f4c6e355d5ba19b2ac4affbcce5d4a4847fb8195f2c5a1a9bc91af6645a28b79fdc7f3bed919482e31437c817eb4fe46fb783cc7bfe56ff00f03a7d10af67e4fb89fd03ddc418049ecc6f996767033661691ce324cecc8a4babdd337aac8595fd5e914e59888aefca31f5126d150bdaad9f2d689bdb376c57fec103fc20f6aa0ae7108f69eb379413a145a28b7693b7697f13d6777e8442eec3de797b17f0d2075267d55d5d5d3a6ff7bea9f903a77ece842e845b352c70c9214515ea7a23154338a66b72cd946e9f33b72b2804d8e36312cf0d9e2a091a5a2a69554e1c14e8d9c5d00f716f5c89b454bf71ff00af3766eef8c3ff0092293fb0236ea0cc394369bfacdef2469f4145a28b737986f9f2965362723cc6806c0113891479cade88dba2eef6f95d37fb5b93e889fb3a16e62765daf4cf95ba96533dceb6c4d9eec0ce65233816885ddd0539c8868dd4546020e395438946d1156452a6a7776f8092539c3a25316795b58dbd6cdf526ddf8a81ed2997f7b74c762c67ef1bec496759d966657ba8d3e828b42ecba8cbaecbe257c53af8a25f124be22475d495dcfa80dd42599dd3377f92dffe0f6431312e832e9d974dd16b742dde1d84ddc03a92624395fb8bb7a9046cc881b3c79167204d52e8ca54f25d312791d84e554f884d9aa242e4dac0df51b59b7fe2a3d667feef3acd72c63bd4c36f8394598987b72651a742891bd9146ec211751f27738581a38809470e77787a2643f46a7c2a0612ff0045bfddec815d67664ee522e92a7a5eb4863d39236fa446ccb09a7f8ba8c6de3c8f2e67f4ba85ac8a4a406967124cf7609f2af8f32698f2a0919376778ee70c5d2699f3f21d60f33693793f040a43fad996658befa4fb6aced2f50902935f78d3e829d4babe81afb920d293755f698c9dc2a368c6cea8b2e730cdfe8b7fbf4772ba6e74f3b53113e691cd81b3399464f00cbe86f71264e8459d5850b5930674f704c0e486c3cbac208e723e60a0f28ec9bc9f82044ff5332ccb147baa49f24554799facea3536ada822428949a9b36581873fe53335a9c7d305f34be43da62c6a3650bd952aa9a3f9f0fc38ebe42c169c46a70ec844041febfc85f33a64c88f90ea573201599a1e45b85ec8b732a5a592aa7c768df0e5fa7bc2345fb6d67d2ab29934a64f96573ca61cd902877878a5f27e0815efc9f4c4153cc4224576cce86cc2f75dd67759dd6675995f9dd5d664cf65aabacd65990c995433f4d7c68ba9fa5333f6f92084aa26828a3a582ae5798ba687d28b0e8ea232a186553d1c907fa453ace99dcd327ec9caed1b5df3585d3ba242b25d61783cf894f8b705070f70bc54bd2583f185560f062ff711c7d60717888269279ddc817bd93205120f149bff008d469b6eaf7ed5bb29a0791146e21d3242fdadf2b7cedfe9b27edc99d70cc4c75d57374e0cb6e56eef707964f88372702c4e94447e565ec2c9f90a79dcc1defcb35987e48e3620a7885dff004d70608e9719c3bf75c3714c3a4a1a93898da503037ececfdd8fa66354c4dc9b58d45e20f09eefe351a1f15fb5d55f8e8dae33b7a19bb33a644df2847991038fcb18e67cbf3bba774fcf01a8e8d56213a196e88acec5de47ba6767413144a4840e8b47f91b9077e56665bd13df9b6b7b261ed7b2eeea98152093cd81530e17855d9712f0dc58f53e298454e1731657474f19a2a0645466c9e221e63ba251fdb8f88b7378d4685fe8a7551e3a07b29f60bf6151a76ecff2404cef6746d95f9d3daf97d24df247dc9e2ccced64e9f4f67641700fdc1e5a78a4ea05faad24840865cc8a2b39ce51aa5c40e9a7a9601a8e774dc8371b58ad7e4c09e24e1643b8f567764ee8358ed9b8068232adf892627c44817eeaf63aeeb3623c3b86621254f00c46d55c1f88533d450d5532774faa1dd121fb51f1beade251a1f0fbfbcfe2a4ba95932654fdcc02e52767e6056727796967d53a7503fac83d07ad93a77425670fad0cedcd936908dc0d9e33a2ace893cc288f33c921c4e15a04d2ced959e9be1fe51e4da9ef725775dd5dd667743ba46b4851dcba4a3014c2e438645051528d5b93f47aaef130acfdc9995dd9aa2521599d714364c74b721dd1affca3e3f76f12043e2edca4f1d13f79755ef4be69fe94f23ddf93a654cffda1b7274e9b5037902a0721b234fcb0d3fa92f2740d7923072506b57e643238a197d5f10c4a4616264eeeff0030a643a9977e77e727a8790c871c585e2a58523e2fc4244dc5d888afeb2c493f19624bfabf115fd61893afeaec49171462069f88eb8954553d5c87b936e8d3fdab6cf76f120d1bc7dd16a7b699fd477cc8b7d23669abdb2cefc9f9c25e899ddf916ae875a5dd3966265227e587f9a6ee48903e49306116c6e16b492b672f99f5f95b456ecfc9be4ba02ba31c8f1bb66232a8949f338622623fb81afdc0d7ee268b1037455a6871192c5884ae9eb6443884d6909c8d36a08bed7f0f76f121da3a322ee8f6d3eb2358d7ffc4003411000201030401030303020505010000000001021011310312214120132232043051404261337105145291a12381b1c1e1d1ffda0008010301013f011a2d61550e912591d1d3b160fdc2c1db218f263354fda3215866921565463627c53b46a7ccdbb85e5748f56fc44777d9c9d1762d656b1ea464b93ddfdcb107cda91ab10bc2581245d1b8dc6ea318aa87488f23af67e4583b2ced45e6f26ae47f019a7dd61490ab2ab16047e0d4f90b22c78605791b08e936ee6cfc9b629f2c70b1b4db764b9c0b723d59415e78ff00c7ff00087ce91ab10b1458192c52e5b8146e6c19718aa874892c8e962cee6d3da8f511ea0e4c8e3cfb35324fe2321f1ac71479f09558b15d4f91862f08addc9b7770461dba38df9271c095a2ac219b69257563e89adaa3f8a46ae91c516064b03a7ed225bc1550e8ae5af92c8dc8de6e65e9722ae38ede48f9bc9a9f235308910f88e91f8d3bab2546311719a9f2259238adb73a468ad05763d5d45cec64a5092dc8fda917f051dd3dbf93e9f4d4751cbf8a46ae91c51628f14b8be22abc8c42a21973717659d391c5a2c46284766a11f263c92f91a8485f155ea9df8484ae3cd50f04fe44b24714bd85a6d46f4443dc2b29598e4964f93dc49f8afea47fee417fd59d23562238a471474b0be04715ec646a890cb71e32c08421e49e1111d1783c9d9ab9247ed55951784c4ec4f9e4b971527f324ecc8e04497288c77c79c0e0e2ed21a68b9fc8df96e349eed495c8d9ea49f748d5888e1d238f0e88e08f83222a22433aaede079258a211d9a8446217876764f2486316490c423aa4f345c92e382258e8d4c9a8450a24b99588eb492b21ea3792ff00627aba7a2b7ccd2faf5f51d5bff5ff00cfe4ddb35233ff00b7fb9a71f7ca6bba46ac44291a31e4b90c0a9b8b96b895aa8633a3aa39703c93c08423b2646aaacec44b23f9131c9116b70c6210f149d11a9cadc4597b9d1a9925934f02b125cdfec47464fe5c12d0828f0a9f55f52b766c6846fad29431ff00d4d108eee19a599a58bd239ab11018a8c95202a58b51551219d57a1e49890b044ec9911d1787ee42244a6ef73dd22d3fc0dffa9097fa68a92c5255b9b5513bfb4d4e899a76b1625ede7f3e173934345eb4b6dec28434fe1fee2cdd0eddbe4d4d0925758357e825bb744d1fa4717799a50dbc9f4f7f73748e69d8e90191acb22239155d155121d7aa764e8b044ec9f421885562f921e0d4529bdb134be952e642823693d352c92d2707ed3fb91fc53528d26c6d2c792f7f04fb34f0291d0e2d52dc5cd384b5be2870b7175fee69cde93dc5925eb4798bff008fe0d48cedee34e0923522e2a49e086ac2d66ce24fd83b2c1a58a4734ec748515679111c8b35745544865cb88b9d93a2c08fdc6a74218855647e689fc4d28f8c91aabb21f211ac396d2f7f3c728d7cb34a5c172e41ac489e9db02fe4faed6d4d3828a768ab5ffdd5ff00e05afa9a7a925a8aecfa1fa8d5b2d2cc7ff6696cd1d28e9cb96fa35a3e8bb37c1fe6367f4cfa8d65aa928896e7614762e0fdc8d2c0c59a3c8cecd318b3464f2264722cd58c42ac8658b51e07926742c09336b1abe44310aac87c8d4c58d35c162c5864913446d64d91c9ada9eeb2f0b1833e13e590151705db63f75ec6a69fa8ac4be85ae218ff0083fc37e85fa979b3eae7e84f769bf733fceea3fea24c6ec842cf0317176687c5b19dd18cecd318b3466a64488e4ee9dd50a8890e8e9b59b4e1e4bc51ea23d437b2fc8a88556697cc96482a4a4295f0cb704b8351dc82f691e897326e9638464b1c2aa571e459621239e8dad91e15cfa77a7a90f4f53a1ff87c5fbb4d90d2d78c7d8bff00d27a53d495e6c941e94b6b1da4604da771f3c93e11a0bd833b1d19d9a7459a3353348e4ee9dd18854448e0ba3723d437b3dcc7745cb972e2c8a888d59a0afa84f493e4d35c0c9a696eb5cd3727cb562d789ab2929585aab043b44392f5b5196a231ca27f2e08e5911293c1a71b3bc9937f8ffb16b0a4d3b9f4ff005516ed2e19a93d48fba3cffe4d3fa8d1d67b1e7f06afd168cd704e0e1271a314b670c93b9a1f019d8e8c7934a8b3466ae44849dcb73c1675621511218916424933a2fca25924ac45164245aec4310a8e9a1f31c882b21ab96b1b2f919af1b4ae38dcb5ae438f1b78455cda4f242376c869dcf51bf68a6e8df25bf05c87d56a416d4f83d7d1d7fea2b334e7c7bcff0010d24ffea217e48acbafd3bbe9dd0c79a7431e4d2a2cd750dc8de8de8de5a8c42a2243a2776765b07371e49111d20ee21885e1a39667942a5893e6c393be0d67bb81c76c6e76623275b1732587fc513761705c4df46f93e4c0b9e69c33066ba7ab3d3f8b353ea7535159d2f47ca343fa631f848d219dd757af1dc5e8855912110e2972eae764854910c88745474d1ec84eded23810df06391b35511778d8d3c93e34df8de8e89a74b9fcd5714b785854c78687f490c7e1234bc757ec215112244494accdccb8c44b22762f486443a2a3a68f66aebec9fb4d29a9aba2e4b024fb25c1aa9907f920ac8d5f8793e69c1b6dc1b4dbe1b5d1bb0aa86ac3118a5ae697104863a2a48d218eba98a5bc551559222495e46d66d36ab8b24b2455cb5219155518da593d7db16a264fa7d7f49ff05efee89baf4923ea25b510dcdda9ad848eeb7a3ac781c86eb0b5f9252adb6d2f1582e3bd22879a27634f98218fc26690c75d4f8f9aa2a2192227674762c8b24b246b0c8ab74b23d78ac12d6931bbf868ebcb45ff00029c7555e039ca03d49b583575371a5cc69aeed247123947a96c9ea44dc6474bd8bd2cc8c773b224aced71d2de3813e2e897bf8146dd8e9a7f04319d0b3499a4325dd67f1a6d75bd1515592222cb1607f23b62c8f24688d3c8894e311ebbe86ef9fb0a6e2ee8ff0035be369647ab786d2591ea4e2fdac87d4bfdc89ea2d496e88d2a349e4f490a16cb11295e8fdcf82ca976cd3928645a777c336dc9692e8b97a28b960f4974ee594688593ae48e9a7c1a52bab0c62c1dd26690c977597c5907b592978af163222ec583b165911e48e288d3c9a92db1e3eea95b249b90ed26ec6303ff0054486a6ecf83463c1b7e0e2d11d4923d54f23cd231dc6cbab47028283bb64ecb843a41f24bdd1b1a5ed94484b6bb9b86c58accd2192eeb2f8b13b1b9f8af1632223a3f71f9164627c512669a66abe7edb157e32b935da3f9250fdc88cafe16f38ae4d4b6da5a91576474f6ae113765fc0ddfc109f2cdd6926cecb998ff006ffc10778d66690c793aa4b0fcd0bc18c888b705b91f028a45a05e08f5227aa466dcac4fe5f7a5f91abaa3f6bfe052b70c5c4bed588bb1396ef0d386c5fc9ad2717b62354b5522d7bb4651fc1923c1a6eced591a5919d8b1f65795d1bcde6e67bb27b8e4dac7a6d1b24c5c3e44fdf7fbca8ff1492ba1728627c785cbdf9f18a24ad5d187ee74d5cee1f8c45f83848d695ed4649f3713b8891a5919d8b1e7b8e28bc18b23c8f34e858151e043c8df3fa06b9bd65c3b8cd37c5bed219720b73b0dede117e369aaf1e3636db26eb2b2a4bf3492b7348be84c91a59243c8bed2f065ecc6c6e9713e04c6f91b22c791fe8f3c33f834ebcd17d8d26a28b9bb2ea936f8231c9c896d1bb98fec398dd1f2ac6c676458cd2c8c62abcf822c585e0cec63a3c0848b124243c8ff00492fc91f978e2ae36a2a47346d52ece13e4d396cbb4ec7e58958bdcfee3754478e5929fe095b73b11a69e4633b7597cbc2393a1d5519df83e109898e889647faa758f3c0d5aa87e08fee5f77089269725d76377f048bfe0ddd1b45c3b534f248ec559fc9d1d2392e3aaa3164793ba4b0716e048b723160ec967f5ab24e8e9662572d63358bb7239dc7e16486ee5e89cbb2f7b534f248ec597592bcd9e99e97f27a2bf2468aaaab2767749884763a763cfeba74621c9b563a48eeaeaa8917b62a918c51521925459759cb6cdb3d47f83d567a92153baa18c89d9dd24ec5ee847633a3f70f3fad44aa8ec916a3fb36f144324a8b359fccbfb4ecbff021e68a886322762cd248db642b9d8f2747ee1e7f5a89f9f5e39c0cbd6d7e3c22a9125459a327f23a3b14c43cf821d227677463c08ee9d095e5fae4ec39378369618a97f2d28cd4949234b5a2f93d4d26ed2d3ff836fd1cb3046b687d2fed563fcadb9831a7176744ae450c892a2cd19a9f22fed2fc9b97e4477e0874476725a46d9167d9b58a26d2c28db9fd55fc55654bdbc23a539e10be99fee34f4611e8c0a30d39b938dc86a69cb0acc5a6de0d587a6b7484e36dc99a92dd26e891624447459aeae458152eaaa8874dc7a87aa7aa7aacf519ea48df21b92ecdf2373fd45bdb7adbc179ab5f922a0be2873697049efe850d48ae077ec7a6a5d92d19c56ee85a93586697d66b5f63774cd4f6393a215244474eebaa452b6068b2a5842a218c7c16b961afe4b214771b76b1f44f0a8b95fa855c96146e3e1d5bf252b7035dc58a6d619eacff00d45dfe4d2d6dbc48e23ee3522b7bb1a1a7b3fea48d5d4df2a4454911f2d5224e8aaa8864bcb4c9e47f8262890fe49472d7e9d78c5ed1f2eb8fb095dd8c11d394884630c72cb5f27aba70f82b93d59cf2eb0cd19210e9dd75704495160bd1510c63fe05fcd1dbf025fc1018c69484221d9a9a5dc7ec72284dabd8b7dc5f7e4d25763ba8f2ac474fd57ba784696aff00a87aebf03d7975c1bdbc9bff008f0d3cd1921796a11934375b7dab97f0b972e46763d646a6d972bcfe9be9f8df23693d3b8ec9da687f4ea5f12509432bf4ee5634b4de5e48e83bfbf04f4d47dc894141f05ad47c09de96a433562c796a608c6e58b0bf4cd78e9437cd44b6dc171649c5346d7a7f137465c335f4d425edfb8becc958d38de573025b9704e32b606b76075e0558d58b1e53c10254547e2b931e28b7d97567d2ff0050521d1b2f7271dc6b7bb879fd2cda5cb34b88f3452da475a2cbc58f4a121fd32e87a1243d397846ac58f29e0812a217944cf8c4b795bc1536fb2e425b5dc8bdcae5efc12958bdcb129589b53cfdbb16fb0dd8d595e56e8de7aa7ac7ab73d59ac323f5735942fac8f6475e33c33778473562c1d78cf044744210eac4e8fc22e8c75547e305edb0d59d8d0d6d8ecf039ae86c949ac0b562c94d58d4c5d793aaadfc76b67a6cb58d4928abb22fb3716b962f5933fb9f4ff188eb1f0557578203aaa3aba2c783a2771f8c4ebc122383555b9a29b4299ea264ed7a5eff00a2bb226b437bc60da6c36b36b369b596361e991d49c15909dd5634ea8bc9911d578ba447562204aae90a3a7669fcc5824b746dfa8b1631c2a6c46c46c46c46c46c46c46c46c46d42f8aaaf1ebc18c44b8a7fffc4003411000201030303030303040201050000000001021011310321411220321342512230400433614352718114c1236291a1b1f0ffda0008010201013f011313b8fb1519111c88e292f23da4b24704b3dc847c0c5918f1dcb14554abf269f891761f774b62d1e6428ae0b2362c8f459e9c9607154b6d73dc8e48f9b39a3c1127e45e91c8db373a59d274d1210eac54911c0a9c1c1f03c9c0f2295b04bb15108e4792231e176f22c5151086a8b934fc443cf664b24290f56c85a96c1ea368522e75591125d0ce88bf13da728e45fb87358e09f90c44734b17252b1ea51087562a488e04a97f92eac5cfa99d0c503a496454e2a842c9c91243caee58a22c210f345c9a7e244967b3c4eae977253b6d44ec42574cbde4c62f93ad9722ecee6b269b1e50f27f50f7563835323c888e454f712cd5310eaeaec265d966741d28e92c586ec29756c4b3dc842c9c90c131f9aece0e58b1443108658443c4864966abe9de8e9bcb647a71fee23d717d2c5965bb1cacae4e7d5043ca2591fee8f2714893c8f348e4e29ee259a311118e8c464e92c8da97429a6363931b38219255e2a84239218247beac783e4e28a8a97a7243c4d3259a2571caee8c96c5b656142e5edb1156ed7e2c5bc112e096593fdd43f242c523c93259a2160bee3c92cd560431d18a97dfb111cba31895910c92abec888f92381e45e6e8863c1f358d1162c33921e0415c9e68b0c6fa59d5757464b175df625b25615d4112e09e59a9e6897921607823964c9668858391e496697b9c089558ab6aa1668c62c10242a315111160e191c1c90cbab1e0f9ac6a874f71a7834f24f2362f11e9c5bb96b162dde94a6ec87a3d035b345fe8517c12e09e4d5cc49650b03164992a21628c9e69d258b8d8e8c42adce4425b8c631608121518a8842c0fc5885e4413dfb19f358d6249163dc430cd3c9a9e43238b7d896a25823ab272a69c1d89f8a4c93b6e2bbc93c13c9ad8893e08e28b24c74447149dc96697ab1d191176722645dc6c6485e24090a8ea8e0e0782d61b48bc45fc1d4f9a31619cd23454eaa737218669e4d4bdcb91df6eed6d55a51b8e729f90dfc8af94b621aa9ec475d3c93d45c1377d844f04fc8d5f044fc50b9a2264ab0c51e0951558e8c888e69c8c582031e491ed21c8c547547b46464a0aec9eb5f036cb91958534d6f58f89eea44b7cf759455cd2f246af931a117bd2e4e4a192f72705a8accbb93f4de57ffae4251f6939bb906a4d34384af7375e42a6a7892c9a9fb6897ed8b9a44992a22181dae4b7892a2ab1d188458b0d16e458203c8f248f690e46218e88470324eaa89901e087891f212b895bbd6fb1a2f746b2fa8b161df814b86334a1193bf274a924e26ae9c7cb927d5a9a8e6b041fabba3fe3f5799a1a7e9e4bdb71bea6714d4f164f28d4fdb3fa42cd224878a234f031e09715557464445cbd39160d3e4e46368ea5613b606218e884704dd9122f544591190f14463cf65fba1b346ae6b6b97514608cba45aa8fd5fea3a61689fa78fab0e99e11ff00160bc1d84af478dc43dec8913f164b825fb6c8efa246889703c511a581bdc7ba1e29c558e8c88a8a9713b0b6c16933a19e99d0871d87463a211c1a8c95121ab64e48901e45c0bb6e67b226a511b7239450cd5eb84bae07fcb789a25a9a527f5119c231fa5116a6ae85b161a4f623f04724b24fc593e097848d2fda21c7f8a4724b81f8d11a5819c12c538a2a3a3234b33a59e99d28fa44d32dd8f03a31d10893b44f51f248441f03b60f71049ab9d1c8fb6fd96dc66489a831c923524dab4482f9a38a6ac6b68492db0423a6f67b7ff44f43534bea469feab560f7232ea8dd53038df742561e4978b25e313891fa7f0669e151649703c5748933a9586d58daaa8e8c8911b2f2498db68b6ecb6cc86d120ef924d9b8dec5ec862a3a2a4f788e3b5c9510e764234dec755a9f1db72c585f2376a42e6a3253b0b4fdc38aa58ff349fe9b4e4faac7a5aba3e1ba271df63f45a96fa19bf64b24b03f088b2cfd3619a785fee8b24b81e2ba783a59d0cf4d9e9b2f4431d622196b21e0e59d3b096c4304843c0d6d4431d155edf4b1d52d8e956c9a6ac2777625b448e5775c5fcd1ab8ddd52df2744792f7188dfb12dc9e9467e4887e9e10775d88964781f821791fa7cc910ffb745964b81f35d2ede93a6aea888ccaaf0704491c8b04b03aba21535a3f50c623224418d5a46af891f2adcc96a218d48b7c9642b723a5e97ed7d8a93cd1feda179a3476d492239ff74e59225cd74b9fb2ea889234d5e058b0878218d892b961e09788eae8854f4faaed8d5b663423abe08b22ee491aaf621e4e8fb16d477c8a57573acebecba5932243ab16e2ecbd893bba7f4d1ee4436d6672ff00cd3927825975d3cd2fdae8c4734893212b4373aad63ab63a9f49c10c126724b04bc475744457c0a3f34d48756fc96e1962c44d35736b5c9e087258b7621b112c5851425cd657e0b56f7a74cafb9615a8d899732629fd31f0635c7e52ff00433dc4f04bc9d74bc862ed747544498bc55c79160781e086096692c12f11d6cde05a32e45a515db3d3521a71c8926282469451a8ba6761f069aba66f13e967a57c0f4e48b3a5ef4b1d34b92974ee27757fb2d5b245f43b92d4eae2961e69fd32583536d64c9794bfc0cf713f125e75d3f2a26ab6a3a3aa226a33daac3c8b789c12d910c12cd25827e2323094b0474172256c7d8b2793d1b3ba1477b9a62b4f24bf4e9b56145c36909b544da3d67c8f52f844ae4616a2d956c89c7af03934b05c8cd962d46ceb6b275b92b56461ec7a8d5b71d3d8c9789abe5164fcbfd53dc4fc593f3a321e4495d115bd6d4747544498f81e4f68f0896c88e096444f04fc4d38f53fbb64c8d96c88a718ee6722fed913d3e9c7627637916a7f92cad4b1814ae4a1167a6d0b146ec75efb8e4e446f9759e05f4bb93dee3a5be967b4d4f18b27e42c1c93f164fceb0f245ae8515dae8fb224c76d8792ff0049f0496c4704b3494913b5b6349597db56aaf91bbc483e19fc1195fe964e36ecbf7c9ec4334bd24ec39df66c8fff002256ec6c674dd5a9616cff00c8d6113fda43cc48f8aa4bc59a991e691caef631f62c12197dce0c8e4d9799d3367a5267a44e0946e4368d57db8be04f7b517d4bf91c7abea43de3f6ae3dc8ab0eb29757f834d292ea95305cb9719cda9fc9824489affc47f691c1c92c33509668b2bbdd1f6599d0741d28fa6e7d26c75a23a898e6912dd6c5be8b7e02f9a45f4bb8f662dd8d5b6ecb16b6ddac5b8e9a92f6a38b11c585dacfe4b48d356554b6b125f4b42f1891c51e0d4c12cf7f49bd1f6238222a723c8c44723470456df809d1fc91775d223516fdfb71d8a927d2ae455f739ea34ffc76dcbdc51e5d3f8a4649d25862f14471466a6112cfd963ec4704447c1c8d6e3238224cc448e3f09331ba2fc9a8abb7da9a7219d34c8da591cb14c8976ad9dcea4707b458acf0895560e6af026cbdc7d88e042c516479242c101e4e058fc48be096ebec27d921093abbd8d48fa9947f14b5a96ab1ab8b4c58381567843e2b1f11d5ad8b6f47d88e042c5164e490b02c0f27b458fcd96db89de8862ec67f83c44d32c25dd63a87baec9f8a1f15878a1d597a3a3abc0b0714593925838223c8fc48e3f25f63234544c6ed4b97a495c50b16b7d871896b2ec9f8a1e15632b4133d65f07aff00c1ebbf81d5d18a8f0707148e4e49330888f23c0b1f9d1a2a25cfdabf7bec9e10f0ab08f540f497c9e8c4f4a04a887475783838a477391ee70236b8fc48e3f3591ed5dabefcf1ff00b8f158fed96faaf71f88e2bfb8908581d18a8f02c1c522c4eec90f04707b89788b1f9ac8fdab765ab7b76362acf03c5110fdb2d695cf68f4aec90b070310c54783838a21790ce05b9c937d31fceb16513a8b8becea38f4d99a9a6ce8d45e333aff00531f7b34b57f51cbb9eba7b313be28d9ed444e692c7fb1e2ba7e25bebc096d63a5fc0c4b61607462a48e0d8ba1342b21b4c7214ac5f7b8df567f2addaea8b76cb5631cb1fea1704f564cc8d4a6ac9d8969cd7f275d884fa9d90ba9ec45595258671123839a4bfecf6d74b03f2ad996a3a3153a4e83d23d23d247a68e889d31174b3a5165f917dec5cb97ec745daefc1272e59d09e451e93aa127b897c0a7242d48cb63a22f289fe9f4fc9223f55a8c9f8b3fb4860e692ffb38ae9609ddc93b9165dd592a311113dc72b64b8a4df036d61129749d7d484f7643c9d24dadff002f0750e5615628976dae5f8674a3a23f0589c2fba1ddec45fd3b9a93eafa5108f4aa3353c07ed23e273497fd9c574c9bdcd3c51d5d1888776a1a7e2256dc872391a97e052c27f8efb5ab8b05bed3d951cd224dcb25fe0f4e52f26460a38ab353c50f3123e27349727cd74f24d6e4158b0c5474622226f924ddb6a46fcb24ff00f51316042761b246a7069eb712fb2dc56d7fbafb2df716ec73e9f1271f81699e9a3a57074d58c9e224bc911f13dd49723e454d32504cb51f75bbaddb62c4e173d1643aa3b3efd6d5f6a2e465615df8b3d46bc84d3c7dcb7dcd49a44f5b6fa4d39752b313b8eaeac913f68fc90bc4f7525c8f9ae9e49cd213b97fcb449f4ab99aa6cbf579166b7469cbaa3bfe2365c93d86ae86acc8cacc4f616f5b3ab244fca23f33da7ba93e47975d3c9a84696a2ed6ec5fb5fded6f12d5544ec436dd63f06f56e927bd251ea1e9b3a648539c45aef916b44538bacb04897ee447e5fe8e0f7527c8f35864d457225863ee9a31ba1764bbef442a5ceafaac495d0d58b09162e25723f48fec3cd6e5eabb5cba70598ae5d9d4cc963a2e741d22a4b0487fba87e5fe8e0f7525c8f22a4726a11ab242ec748d513c510aacfe08d5d26ecee27d4ae6a42fb9d2242498e0d0a243f9fb2f35b76dec7522ed911c2ef71e9a42974a3a8b52df24121ff145496091fd51f93383dd497272aab26a11c55e0b5c5daf22a2abdb723db3ec7824c9e19a5e2a8e371c4e9b0bedbfb5244145f90a30474c19d1a674699d303a34ce8d314608fa47a7a6deeaaf048fea0f2c67ba921f1442262a2c0c5dd2c8aa864c8f6ce8843c1abfb57353c591c2fc845ec677a7533a99d4cea67533ad9d4cea67533a99cd1e090bf70e58cf75243e2884488bbaa7ffc4004a10000102030407030808040503040300000100020311210410123113202241516171303281052342527291a1b1143340628292c1d14373a2b2243453636483e1f015a3a4c27493f1ffda0008010100063f02ecc5c249a9d71b9c9b70d675cdbbc3502f15e4f6f18ecf9f61607ffc85643fec7ff62a5c18e286b6dbe67804f7c3902ddcb4c0b480723540c62b34062a709a1a3aac2e8821bb720d30710f5d9fb5d6089846934a5b8b949391e89a878de7aa72171535985c5775643b413410413d0ea8a96f55285c359c8a1d114fd5f15e4dfe70ec2c07fe40562fe49fee4ffe53d37a6a3a23dc18c6d4929ccb2cdbba7bcaabd39c1ba6129169321ef46563b248d4b74cf9fcd3e159610836b1b5a231287a230ad10df0620f45e14c7053c785bbc2c41d2037705222654285696b61e9490c70e3c0ab07f3cff6a72f04137adc514e43a5c6f9a9cd667b4aa0a97199ba978e970d6f145785cfd51d5793c707e2f70d49ea584ffc96fcd583f94efee5ff004de9bd2f99a008d9acf3d1b1dde9d1c83e75066b139be6c9c4d847e656d1eee43729814e4146e50aaace2238b9fa061da33dd73ab268cd6c480589378cf35e47339c62f9913cb637a7af0b87b5a8536e76a37b49955d7ad14e79a1d2e1aa10bc754ed56f5566e4d79fe9ec2c7ffe437e6bc9dec3fe6133a3be499d05ff004280edb3f587f444a25c26d129a3be6be931bce56523c797141916cf160c176ce930d3a956a8b8b1381d13206f6f133dfc5428cc6160d1b61c8fdd00224d1aa593785f16059a109b76cc471961a6ee65426cc982624c537e14fe8874457e2bbc10e88a173afcd32e087699204ef59aadde09a874b86b3578a286b33aa67284ff00976164fe7b3e6bc9dec3fe6142fc5f24cf645c22b99a424c8366a2c77cdd89d9dce1c4a25a3ce31b5dd3517177a06c8c5b444eb44f316dd82426584a7c6986ae32c8299cf80bbf442933c1467e43415965984614aadb544134fe89a9c9dd45c13751d794dadc3b429bd13355a874b823a810e89bd515e09bab0d13c20bbf4d49ea58cffc867cd5847fb6ef9a84793be4a1fb22eb1b7da2a2c00e0c818b64fdfe68c0b534c18bb89c8a9382a14d8da47362ca4e3eb0dcb68cc712a9ef3a932a79705698ac998f8835f3e19892b434cc30c77b8349e69dd137aa7a7a2826dde371bb7a7714ded8a086a5135785c3545cc47aa3d133561a89fca3a9c8ea31deac469f8af279fb8ef9850a5f7be499ec8bacf05b9c2667d5681ba3c19f76a888ac63a6a5bbaaabbdc153e3ab32a5298e0996b80f6c6813938b5b2731dc084fb3c47886d8cd957298ff00c2a2e0ac2315d1587aff00fc4ee89bd5440a274b820bc51eba99a726f6c504350a66a1d409c9bd178ac22ae32120b040f27c6383bd8c6097bd35f6db23e1432ec21f42df86a33a279fbba9253de33bbcec7643f141edda63b0b9ae191135e4b3f71dfa281d4fc942f645db2d2300c0e3c4a74aae95171f8a2d3985dda2c949568abe6c7c5774f554a4d4373e1626b84c34d2615b8c6fab89821379be73a7409c5a646745e4c88eef1d25788c54fd51e8578a8a13fd95e0875bbc53baeabe6bc7b628744d47a208229ba8750229ad6d49120a0dabcae5ce7ba4f6d9d86425c1c98c8706042105c5d0f0b665a78acdc5600ea9f45c9ce7c010a33bf8f0687fee8c570169b2ff00ad0bd1f686e47a26fb29dcc1f96a17176103795e61ba77cabb9a88d3186c3e843d9086d99705ff00a4997d2595b29f5bfdbfd97920fdc77e8acfed7e8a17b22e7dac0061450d6be956b865ef5434539e1e5b97a47a05dc8857d494e04984c6899324ec190a690e656c8f12a58a6f4d70acd4381121323c16775b161e30100ed8c230b406e10de406e45d9705e4e86da60866ef15113c7229bd178dde29dd6ff1b8af1edc744d4e43a209d54cec1bd6e856b8d08448c087c338bf4418df31087a2d5572cd62699145b18e268149a2e82e9cb309d12cb0e20b346188923643e7500afc29be3f2bb6b2458cff00111fd46eeea579d7499ba1b68d0aa5466ba0b6217b64d7b899c3e62e6b86ee0ac9166225a2ca1c4cbf8adde7da12c959cfdf500fddb9f0ded6bdae122d76454783a3d0b7bcc06b44255e6844c4c94a6a4c82e2a4e86e6386e281c883e96f5a596286feef23c10c665c821e882a231db21a7359940632eea80dc99c8208a7f447c537a5fe213ef3d6ee29dd7b03a86f1d136b34e9143a209c99a87502860e53aaa0c0396b304f65c437e2a05a9ae73ec8edd3ee391f654010f39128c4b4c4c3f77794e104e8a172cf527baee4b6b204440a34085f550ed326f4567f66fd2101db322d7230e64b0fad9b7f745af662392810e2b8086c8e0ccfcd4487158dd20c58b1f1f5b9a8b69898da1ef0cb3b0fa40778fc94384f38de4559c549c64cf5ca383bdeb10839bbc0c5d534044efc9040a6a72fc2bf121e37f884eb82775bdfd7b71d135390e8853244a133d88e427a9317b4cc0aa78861ccb468bba2b391a8f727f4423b007c5c1200ee4e8b1de5c4dfc1712b80ba24f822e394a4a1c48866f8b1a64a843853e37990c6ef82740fa0e9285d39e2cb7a8cfd1b8b5999e1e284461c4e142106c688d8ac677446802211e2507c625c1bbddf01cbc162846511d9f4586233498b31faa630366f39221f4213433dea941b938a60e49bd53d43f657885f88dc11f04ee97b9128289d98d49e4a6ebb2bb343b17f3a5fb47005b2e0ee8852e8711b2739ae040e2a0603b0e136f2055aa666719a9ea89bb8054a9bb805eb391e6a99bca8b1614273d90646211e88e2ac7fcd09bd4fceecf6dd900bcf4363fab269f161d9c592d1fc3c2ec38bf0a8766876604c57ce3c4a9910295e6b0bd80e114214d910f8d510cfe9a95b644cfad4458f3232c42ab32dc3938239c471122b48e6e19564a6323920138eec937aa88a0a1e09feddc1397e1bcdc13c7655d50246aa47547546f3a92403760f78c9725922e7303ddba793535d20d2782c28c8ef5eb573e284264f450f068f16784b43bf556e844ccb22b8652dea1b5b8cf94349b74a06df5a2a54dd5d9eab06f54ee3281632dd2d9de304683ebb378567d162d0e9c61c59ca749afc4ef9ac5136e2bbb90c6654e00c24e42184e8b6ab5c68f1b3d0b68072e6ad312ccd78f2b457e20c352e86330d9ef4e80e8f1a0b45344f6e5ca4427989df76d6294a7fa291327158806c40336e4ef05827f85c17d4b0bb8e48c371900b1ba6ee10d38b6190c9f77704f859815042761ccd2e6f5515413cd37a289ed5c13fa21d11bbc11a7bd0a226598591ece1d292aa349850c4942a4a413900382aa34ba794b50ea36794e49c0332ccdf2342a672ba3ba189468234879b37fb938100cc4aa15aed118e9281b0c1fbada05688aeef39c5c5159ad90b8f25b46416c8aaa946293b4d126f54642637a2e746d091fea65ef566d1466c51a4156f5591efbbe6ad31edaf360b2b41222446cf6470569fa058edd123436968b7344c0ca59504f8ab2d9ad912139ce1e75d224c3ebc5362c4c4d82c326c582670c8ea8e9623a24f7b8cd79a8843780582389b7d619ac2c7088d1ef41d93fdce0a4ea9e284619e4535c66f791dc07256a7b4bcc0935c1e0ecce7f3aded1161ba11737100f1298e29bd54550cfde4ce8a2781b9a9feca67b26e298bbdee0bd33e0a9089eae5f50df7f663a493b8262699e4112a9c2ef1d63aa23b0d1c323a8d60f15f53287ebcd0b4c61a56301f33fea4c4a5f15084f470def00cab204a8f06c9387fc365666b9a8c51bb68ad9176d393a1b9a30b850e1a82990c6ea94d659f480caae96f564b3c5f263238b38a18b15d53c4ca4843f27f92ec702267e66cb89def334fb55a639d032af84c7b5b130ef90519d161466d922d34715da46cf89fd9361d85c6c8c65068b6541f285a20bd966b41d88a77ace6b81594af1b88e0b6aa8b281a7dea4b0e238673c3b94f34d71607c8cf0bb228bd90196607f870c997c5051178a8651f605cde89dec950798fd2f674ed45d24e4dd42bc51bc6b14599ef13bb922513e91ba6bef36a179220ceb11ba623c07fdd453cd75377eab6b68ad9a299588e4d4e9b833aa73817442c697c848132e133543fc2be3758b87e4b040b142b1ba757b1ce24f5995a478b44689830b9a7cd372acb0945b636bcd921b713411568e7732c71ad5122595866d84e341711491e555235530a4b9a7700a4e5c45f9dc13d3bc142287f2ee623ec95667787c1551504f5ed4208cce2e89c9b7734679a287547b128b27b5866a574f829b9ee99e0a85c7c56cb8cb9afbd92611dc81676c11e19fc575728238d5735c1502da388f040b28387141b94ea8426ec45e272727418a747161565cd13b6ef82cb00e251f88446e2800265cb476bb34463c004b1fb26b95dc1494d4f82ae6b46240e69a4b641c28548a95d2689939017b93fa7ea98a1fb06e6af02ac6edd3173bde559c8e7da8413e425c938f04d13446eb9c9dd137aea0d690a94c8adcda7de991a156930a6b95f0a0636b5bde3884e7c969accf2d8d1dc70401930714ef61411e2a0b9beaa91a1e6bd637cce4112a61448de518b699eed0b438b8f39a9c3f265aad1ced36a90f73421a0f25586cee0661e185eef7928da23bf1c52244ae324eb4c3b1e2f2a0fe246949bc30a7c58aec4e7999a4a77c9cd95cd870185cecdce34f05c392e8b292e011e174d870bbd619ac4e389c779bbc13fa15d142fc42e1d6eb29e6dfee4248a80e1962fd2e1d984d9e4a26127927143727568bc5393937aea0bb8755de9f45b2d9755b4677fd1e21f36fee9e054dbb2ff009ac0e185d7321b412f79c20013994cc4e6da2da06297a30f878ef51a3443373833fb546f6568dd17431da01878bba5618f04e8fd6cdbef426f30ddcd4a14f1705b4ca2c94b7ac2f6163b83aece4a6d88c634779d1372688369d3bbd290a5cd6c3cc566464a279f80d7cfba280fec8888252bb3403892d1972d4909b8f00a1c6b458e242851245af88da14221635d2dc451628fe4d80e0732c25aff0002b1432e742755b8c49c3add2b87447c5440a1fb46ef1414176f63dbfdf765c9433c1cdfd6ea8d43d8364a2ce9d13b9add44e2a5cd393932e376d396c09732b68cf5f4710f9d6fc56d781e0b6b69beb84e8d0feb834b61bfd427d2ea9ee885d11ceacdc664a7d8cc261b65820b3498866d2273f0254586d26cd11d4c314cdbef461c686e86e9539feebccc5d9f51d56fb939ec60841de83720a4d7b9a386e421daec306d23d66b8b1ca565b1e889def7624c746cb14ca3a50d88371deacf11c3131911ae2de20156bb5792e0c3d0b9f89f0f4801613cb84e6a240f28fd3a2da86621910dadf78aaf367143ddc7c560879bb77144f942c7121438dfc56ed01d6592128cd732798cd48d66896959dd45821367c4ee083ad9e478be517ba80b8bd826b4502c703c9ccf4a1c01227aa9bdc5db84ce57644996e52751a29556c2dc4234187a567391a8f75ede8bf128cd43db171ea9aa272aff005dc3e0b1f0737e77644ea1ec04d45cca34df9adc144aa9734e4e4c554553bc7b26b820e4590c6284ddfeb2a6c09a811341a482d78312676884ef29595d8985b0dc0ee7b4b07cd42b7419b6c11681e33b3bf81fbabe81e5386d8d0489b5d983cda57d26038da2c47d3decf6bf7bf9acb1729a73b0e23f746416d91d3345c665bc3790be9162221bb2c2eda047050e25a2032cf158dc3387bd554c15a1fa547c069874a64890f070e784a948471eabc2916be0f4da09c5b94d517d31f6688db137bd104b2e498cb2c6163b3ca60439e33cc94e7c58e624422589ee94ba2c105c5ec1e91df7d5303258050487c1488244680f85f04d03352919a64c4a9bd1ea14608f27047aa3d537aab4119b0be7d288513a92569ea3fb95154ea1ec295512481dd8911dd512aa99a28a629e4aa80e03b3305aec20f79613736d30a18871213b451837274fbaef983e0ac312737080e807da86e98fe9727d92d327d8ad1b2f6bf208d8ced430e9b03bbcdffb8f884d816a18a01f36e6bf8702a0c4b338bacb1e65a1de81e1f1bfbb8bc561eeb783757f708f9b6f829b4b59844e6e2a0609638b5242c38dd8385e18d6e24fb0c09c66e1c315a5d213f5404c6e90181864c630d4f5589d53ab141ee82a1c78ccc70993a0e880f9a938a8717f8b04e8de78b7d13fa2727f3517afea9dd514deabca4c3eac4fed508f168f92277956fa6e267e2358f60646544fe6a5be6b123cd4e6ab2be81069124eecf10ba4a3d99e746f8edc2d893d9e87f7dc9b01f36b4b8e261e3295d36ba56fb24abeb37ff29ee4cb54002146751f0b74c7050e14607e93628e18e9e72a8d5fdd52770530e23aa1e73693b4f08c784ef50c8a87a16399098d900ecd4aec2062265209d1cb41b4b8e06fb7c3a0420c278a4dcf27d29f14e7bb009f00a739ea74aa8af12c19f34d2da9e21617348238dce847288307edf147a21cc28e9c9c9bd55b2171c5fdaaceedda36fc94f92f28569a377cb59dd8e4b253dd7d689a6739aa0426162ca9daf246e8510d5d0e2013e5bbf54532336b8736f11bc2c509dfe1ad031b0a89a5ae31a38df799c7a851213bbcc7169d4c584e8e6039f2a37aa7c37869237b4cf5703fd5a2c18707226778b4386d7a27d5e6acd058f02059e70c70c7bd188e1e62d071c374fe0b0eab9b392c03ba334dd1581988340c4edfcd322e8d90f625e6f7a2109679a7b9bdd266a19e4a2f445143aab50fbdfbab19ff00680429ba4ad9c1d0dc3fa50ed42627a09fd2e6f1411970b9dd25ab3ece383be52f7dc22373de13ec4eefb76e0fea135c44a2433f04d89bdeddaea29fb6a4bd19ce57b00043a5b5cd1b83866a99759dcc6e438f05a0b1364e680dc7c0a816383fc2f3aea6654022db02dac6c3a0807b9c66aaa95550a410006272c6e93a294d0d6ca46af4e7c1744871253ce6df8a2f719f253533e970524d4fe971415b4ceb212f7ab3f423fa903ee51dbf74ff006a0a7da04d512a8276482a94dace89e45241372f147ec6d8d0a9233e89b686fd5c5151c0a84e156cb0dcec4c6be625b5b90c3a463b9d42e2abaa551340152a382f1f496b68ce6a0433933ce3b9b8a8ee6be462bf6bd9451156d3ad579bb559a144af9b8b170395a6cb1703c439398e7b66f656a1aefd1340acf344efe2a67bbf35b584c3cc2218057d1401f1b9ad6ed10a740a68f45e0bc2e8c3983f152cb0c4883facdd107112f81ba57b429ef425ae1353faa6a2ab778278e21351fb1969c8a7c03ed37aa9735c0237d33e6b8159ea853c5329913204c91684f65a6d06c4dc24b5fa331062e07804cc7b4c1c2b34e6b23360c5719ef9e5927ba5df39a311cbd58616df7785dcefc6e02b9cd4311ad0043c4316ea232ca77782f0ba3f213f8851c70b445fee47e2be2a20e0e3f3d40826ebb5313baa6a370453a4823f640778ba48df4bf0de0f253dca72926b6749a9f8ddcd6388e937894c63365adca5b9331ba6d14ea51c424f6fa2b9ae6a8b9a9ba8b632e6b006b5bc5cb69dee45abc1785d14716156b1ff0021f77805681c223be7aad4de9ae104eea9aa6b720b39a7ed4904eebf656f2a7602ee0a79e12b08cd4e26cc9197bd399a4871a80e286661556c1a2a99ac781b1219e251767eab782a1af2be9ef5c4a99325c1aa59377a1f4cb2458b68de730a25a2c4dc100800094b2125e17d33c27e4adb2ff5ff00fa841782b5436c9a74aecfaa969610f155b4c30bfcd37f21b9a86b89aaa3d5350ea8eeba88d6e3f652354eacb1511a1a669a77e69b09c66273566b386370610f9fadd538ca53ddad5ba6fc9498241514cd54cd1ab0b2838acf55a797e8adbfcd07fa45c3c55a9cccf485507c1779779dee47a26a1ae2ef14de89a8d1515735cae775fb3ef9f62c8f02218711b91cfe09d16261c4ef55a1a3dc98a1cb75135acabf539aadf2ef152ccdd552ddaa2e6782b4cf3d8f95df0517999fc1300606cb78de8fbd0f323f2a7744cec4af1413284734ecbc509d0cd1ae25def05fba775fb74aecce2e09aba2cab9cd6c4e72427ded695c05d41abe085ccf051b9b5a6f3e1f250d7509a308a04fe899d8493866bc5050c14782f1447353e68f43f6d1bbaaab82dbc4e6ef016cb303784ea98c641c3131125f8f31c2498392aa9a97154d56901558ef72da8427cd8ab67873f72c2c6e0e8e4c3062e91c5b50edca473b827745e010b99e09dfcb1f32be6baa27a26bb48dc13cb15535c879d4e4dec269c50a2e49bc9112cd4d4c9586745306a6eafd9a5ab22313785c6e09a4510de8068cd381cc52ecd51b35b45629579aaa6b0c530c8a64a5a686feaa61cd3e2b086cd1e49c6e6289d17baf6741f35ff4ff005b82fc211336f793577fb2c964b2d59972cd67f66374e759df92ce97f8df0f670eccbadfb4ab3c2b658bb8a8d53550551f87a85b709af1c429b09672054b12712664dede8a37446f6fb29a78b2e09a7927c3d10702678a554c12a2eef620f15206aa49a748d74f86e466fc2b3524c3f7943eb761270cc7daf80b9ac68a94f6f032be21c9ad027c941c2713b790bba24b82da2b7b9dc14fe0b65eef7afac7fb94b4ee03d95f5a5df055cae74b2532a77f828c8af1b9beca87ec9b8287d138f04df697750ed7c6e60dd34c176d99092739b90fb6077044f12a47dca402c2d24976606f47487145e1b9a8aaaa64aa6e9ca97f15c4f1555b02678aaea3ba28a9cbc6e6fb2542e97b11065ef40f3eca81d3e68630e9725914d9427369bca7f99c74cf82e08cccd3533a277208d649c8ba1fe5d7a6cc31de72960f19af30ed2356d348fb052e9dd858264ad9abf7bff6d4a5d0e1c2618911c64d6344c94c82f7c1d31fac8508e2d1f2278a6f952d182d510cf0b736b25faa7e26cdb332546a90a745848dae0ea2da85ab113fc11eabc6e6742a0ffe6ebda9c01196f08d66b35cf533ec69ab923459153136bfa67aac86def3cc826c260a37e28b5bdc1f1baa26117416b5e7d439ad9d9e88fa4df58760753f4be57616d07cf59b0e0b0b89462427b85bdce0224569ddea8589ce3a4068dc34568b30c2f6da8d623fd027329cddc01aa00483970704dc5532429ab153ba847aaf1b99e2a0ded46a1b4de8fdb1cf3fc36d13a5de340a971530645622ed1c5e3b9dd500f6e12723b8ad331b876a4e965da5409f1ec0aae2fc2a25b9cdda27033f52a359a784b850f34f8519858f69a8441c916bb292cd55d340a18b3d40a2afc411eabc6e87e2a1f5bc2de8a1d81fb1bb9b542afa5756ea5c477a19ef30e4544ae2b2b88c47d382774d4b5e57f2d53a800df450dac6e27ba8d566b213b6c6ed75df76e65a5bdd7f1e4539968b3be1f514551750ae2b2d41d53d0f6eef1b99d537aeab90ec2bbd689fbf22a5abcceb533e1ada4699105371779a54c292a56e9b4e15b4df72d236a0d1cd39387051042fab9ecf4d708ea6770bf2aaaa949c26a25ba334bb412d137ef71f0535b2b252735ae6faae1345ceb3b6113fe96ca9d9ed2472785b2d1147dc2bcec17b7ab5545e2e726fb5778dccf6978eabaf9270d60ff5759b135b10ef354ef37007794e6f05277754dae59a0464b391e6a866a3691a7498761c38f600a3ac172545b96f2792a099394959f410cc3021e4554514f12ccdd35b2a5f15b522a38680d874320392370bd9ed5c6e6fb49dd505e08aae534e9657b5386b44d66b37290d5c3b8a70e7781c689c133aa71bf15d4ecceb83bef0cd96b0f0ccf55a58515b0a29d96930c3faa13b68ea2ce152dbff00b017f9ff00fe385fe7ff00f8ed43fc7ffec05fe7dde101abfcfc4f082d4276f8dffea6aadb63f831a8be33e2c479f48b42370bd9d6e370f6944ea6e92371b8a6f5446b6155d508ea844dec77021186e189aec4d4d1c269dd7b707b091adc243f32a9af1b80d1c2fcabeae17e55f570bf2afab85f957d5c2fcabbb0ff002aeec3fc8b287f917a3f902f43f204e27326e08a0a1f5371bbf128979b88bbffc4002810000202010304020203010100000000000001112131415161107181a191b1c1f020d1e1f130ffda0008010100013f21d452d2098ae7a590a85fb301893e661832027839a93c08b2281bf84552e58d46a0aa75962c02fc44111d6eacccc90ebb06ae115ed74d6dc07af513631129dafa52662f625127462c09809fab6a9f99398011854b0b9730ba411d121a42f0cf2e4a27171d8939ac6032161cc44975825b903d2904b4704a2e9ae0bb46ed7dd0d25aaefc8a23e5519960f6908292eec27c6353378e85f704be0476f408982eec7a8aec27bf6234127cb3fe40c70a9d2cc48cbc990627b1b64412b1d48a515d138e6242a728637db1286bc31ab6500e062fc62452c7932301f50586f05128519fb0f06ae8589805cfc4ff0063e854636a33d8d9416a0efd5e4abf703549c7f90b12661f4242440b2452d4911decb93e6e112f6372e258c92c6903c3d04126c987335c881a8488b86da67871cd9996940627ad887a22d8116924fdd3fe8d3d5486715eba49f077284bf199cdbc43bee07a8ba4121967ee2c62b3769f4409213a85d88ff98ccf1067d725468ee287826492b51405a6c09dc91c72272394a0537a8c928891e30d1512f7d2a145fb06a22fa52c48432f23eb2a81667ba1ede478420463ee2d0f7b5791fe3acc1dd8440b788d5683130f090b0cdd035eca3d0f238fd0974616a4a5b7844d16660ee2ef816fc95bc46a4c7859b47f9c6bda0b999d1548b64b089cd78cb217c0aa1b6950b4f4dc96ccc3635cb5e1a24edcf0631b2db0dfb60dacf024b43791b015528e068f11c6d3f2540bd08b79c49fdee2427a8be87d68c313e226ed8a2843d878771d45c12129442953a467d04a84c741890d0e9cf81ea25f2694d946e206cf5eb51939562e8c6e4f4ba69682750a73b12fe0cfd85a0c8dd9a05a884a77128653ff0071d4247dba4f0a1491ed9e66fa09615dda8f6257e7f10ba3df15728d107924ee88dcf065dd6de48bcad977fdfa62d43ca552524d5bbd06480a0ced1bc21284bb4c6cc6ad666a5224a64db92a8810014ee6355f124dede6f5e115baf1f9bdca7edff8462a6db1cca87810d5d87fc119b57824b07f7d23dc1ee0d6d905b22cd0cddfaa7c37323b1841a2c85784ce067e01611ec74598c8c8468103cd03d0a1d8b2552486a6aca702ed5180a6498cab159c548d1eb81071f5817e226617443332a860312e0ba558f23f453bd9f88b4e98bb8a134dd7a233e99a349c32074c4acc8114a859dffc42a2106e3ed3bffe81224ea54171fdc7c89aa51b9cd89baaa644f0da1be608daca49c34b3a902749332c84546136f51895b8eaf18cec90e040494bae3cd1079c1a8ffa2486e158109ad8124d77b074891a078a6546b26a5f4c88a4eda9a4925d071f213e49f09855fb997618b707f631777d2b3da300e7a4f78532f40a9d3601afd191108d03423015a0546050ab286a2644487a54e49f891c88515d1a81a707a1d16ae8cfa4c7e024f79f6448f39559a42e9804f627e992421633b39faa63140f6894a4dc7d31db24e3524ff6cfd66c20e94850a5cd17945a12ad36ce285255c83bea8ac28d560546c4d6ce287610cabf23765e374028c9bfd211139d468af67ca44fe76c916329b3c21562cb2488d036c8cc74581dd24b79cc0ac9ee5fb698bf2199cdee65e7f0343ae421eb98c9b509a76ed488cec51181a97039a0f2e6b333434f4b2742a6c3369ec3031bed19b9cab1e9e450c9a934203c7d8510df00b3e94816fa2f5a425f3b658091fab2242489f21212be927c22d9c1d358671489d97dc64913c8e82a2b04929717f023ba673df2a7b941c7e027122a4c3d52edf846affc9bda45e79225ca8edb0b52764c8d7adec0ab94bf21c9b340a4975bd87a7518e93da489bec1ff0043a2887089cef4f0cb4d9cf09729f013b1e1ab35da65e4f626414f385a8e7f07ba7bff00830feb02fc82c860fb155292fb1616f985542712f26f3a25b1210b7e0a993b086172544990553b1db26b6e31a9285d991a4b339326e5c64dd6861e079305dba07d1766174c95f267c9113d815736df0490cab0525294c6e066154869c4e59c79243ef02c9978621d7caaf43cc9444325f774fd32059c5030d634d4e21c9fc2964fa5e5a910fdefde63e757b91fd2c0e86d915cad0998da1a34672186d936dcd85351382f41da4cf4346658e51b2223ead4b4b3be7e06b8734b365c89e96efc0df2c7e98e5319a2ce343ce81fcadcd5f5cb432056b3ca52dbff0063f55b18cfc80b6bc8c1d9d2302e4a3fd68c6d9ac46bb879163c866e446dc558cd2f70980e681e6086a332c98b7e0b19fb149467588502528141485cb52369a314b296de045ea382ddb30f0449061e049058d0532127b85bba2aa84472d98d05056f2cef02749d49619479972f531be0917e938558a5e54c8deed63b1a135a3c6e13f4eab913d82419c009d8976c9a6c4a5acb642448a92833c9df2c53ff007d245b318172d2a46d4ac8fd2d6d9efafc09594e37264f31fec4ca41088cfda5ca566b84a1ef98b81fb757d5adbc1561a345021d328fc119a4adda6cfab8258893c3353d8d849b1dacf7e728892b8a593435b1ca6ec754b84e07cea488c9ecebc2c73ce12d77131349c9bd5b4d9f5bfa320a2cf044c7b064ba16f0fe4d47ea04a98ac0f4121c27dde9ece8a5846687916ba0b63c332631946a830d61b687052d118549f92e0de068bb50c4d84d4a35663631665c8b48cc3a42c216589115bf27d356827b3b8f82c24db6b96365c826f212e21a911e0ba637342b0f5fb44e872e9edf691a0e956c1a29ca71238b1349d6a305a2d4afa1f64aa11d5f83af765982f13100c99a1c37a5c92e6b71893b4da1ae572290c5d0d183e46a52d0bd021f4421aaf4a20ee19ee1290b7b93b3d567e09accb528644b69af91c78290052e1a81c40e49c55ecb13116a4dbe85486b1a9ef76fc8e282f19fcb2a25b8cb103498c6a454a75ac40ee4ed6a916d073285c8d91b28fb1f47b2551bc8485f287ed7261e519af3f7d2b03786226fbc890120ccc1521e794a9a960aa0d5ee665518ccc78e869339378e09d81f0edba13a1a48b97664ac417005166cb50ed8494f917e1028e1032142c626427cc6500be0366f1a92125b2257f63c1a91e18eac3daa86cdda429dd11961fb495185b34538872c4768b1312948c1d127853b21ab6d9108b4b3286d589dda78d50b56adcdc0b1d134efe5132c984bd334be193fe9c92f4393d4d53de65356ad13dc9928c37697484a6b747f82897a8c39b6f15d84c4315e5939c39132a0044b40f1b35703bc1bbce5a0e1a32c6b767c92ad50d40a5a77171843fa2a52c8f672ce1f9fe86ec24d8a10f785f9cf7fe04017d6f66a335e4cdfad9e9a664dcff90a136686a0a0a21164ee2d943199181a8cccc245de4316449275042d3722cf642c3ac38327831ac646a2db4a49ba21724c9cc926263b74a1f9076c1c245230ae86a95e067aebb8e69f03348c46de1596898cd4a89ca68ef225418376b58e92c8e0e930dd2ea37eebc89da3c8f60b9b2156537d9981991e481597398c924e60fd9d284dbd598708fb8e84181e09926b419348546a9ae59f8120c4770d6f02742a5b67a5817723cbd36425822938a0d52d9a84e9fd8f3a70c60c629aa63b5872640a4bcbd9adccaee74d2dc53524349c103e2823ecdfa32e3c9f3456281b841a330fd688a79fd8f52347c3717620f132407062093ef213c0e1a1050c4c26a313519ae8b7ce3ca2cb924a21ba30959133a281ca65aa20d096036d2ba02666f28d684abdcc8c9f7e99208ccdd99e2209636a6d058da54b53104dc4d5c2d48bb5ac92118e54e45ee5bd7212f123af5496886f708f6ba4568cc79078fe719db85b218aae4642ff00428a29a62704a3d1976172e1269b52f239e8b5490ab1f94623d293ab2ca39aca54dec3b3d532f91bd9925844b05cd614729e1da1e1c84969a316abeb694342253cb6ff004195d293c9ec42c1722ca38125a6ae865bfc1accf278ac0809264e1a7fd8879f731b2eda6c424728e053b62a9e7f255fc47b62ccee227c18dfb1fb3b1e82fb247e7f229284694f241db4c5e8b35b21246a44a087030086085c8a1190820627b11a24c9a10f09d474c889ff0000f3d90a14c1f26464d981ee348a4b172ad6a8ac8984253dc771e81d3c9cd4419d734ba3b124e9248436acf0abb8a2625b07412e191a5e0c7d0eab130727da9e064b92b5b8d0b761dca112ac5358f2267845b57ec78fe61b44c2d90f538a041865144c697bdbb2475e4ca7d77231c9367fd2f17047c68af7176916bcaf65c8ad80679fcb1599c416eeaf2afda9109245098da49383695b582aea287d8c2e06b49d644457aa85bb04d5a0c2ad9330776a374cd3ade5f23827a22a6de9921b90ef289ecf422cdb4b02f634d4b49798107af46bdb181dfec6eec5ec491c3ec4f84fd1ab1fd3f47ecf284f16aebd8a6ed81169a9f2547b517596819627ad846ab04c1fa085e034ac5d9818ba34198b08ec5e9b11d250ca0c76644b804e5b9dc63ca444190cbc8e8653914dca1ea337084a19ee21289538336608dca062e502c4a350dbba4f228a24b0c77c0de1ea2988ba5261912a74722e0948ea0e10b1325e524fb37b199bef914edc9242f879a4e48d2303399967776c4e089dcc10938b3718c36f8063528dad449c4db8d345b21ff6d1aecf822cc4319eb0d2097447cb49e8e4efd8a1e171051276b15e931aea6c918c5d9a92081c859a4c9da3303f68c0a6a6527fd2cd467f959029914b7521a9066313fb2030d1e945a1c8ac13476175ff0045496c096e4b525dc474ec1268134d70c1e04695dc4089f84e0dc7633d4090bee3c6d3fa0b67210a67e83d80bd87d1494d2c15364b87885f669c9ee1bc3c2217671ff6a4c4342ee4c1d39aea174ee4546c694688aab7063a494af71de0064ac3c908da21911379dba2787629b454c648aee2a7b8ea49bc86b6662cc83b4cd653943612a530aa95826591c93b0c4eb598ec3aac2a7fc4499f218777a286918177abfb321146170ec87b4f693c04d9904b74842b810d58f20ce94af488d333d960d32735db43cc0d1d17c83ca524d44e59830876035d577c881d29a4f2b79327777a8a595885ff0005d029aa0ea2dd6a952736534c17c384879f3b857bd32a61e726995dd618eac502424f5df23d84b6a1dae944fe63e882f240286c89169228d3a967bc6e23642095550678dc682c1d2b157ba9b7ecaf7d184f735765fa2fb845d3eef1f4ac48943d0ae7aa8d07c32e3abfdf49ea95a8a5946b845a3128c47d9d26aee1d613235247a07d2695c16a1465b215b8b44c914a2ee0baf7424fc94a3516d90495556603c4f411f543b21f66751e2615bf528133395b1a4a52f7d454133c0e8487ca931e34bdb0dc9c4587f5a1e80ee52adc242cf674f82812049a46deec5cf1924d252e51bf88370480b0d2d98970b44c554caf13d3f22acfa8057a332872e3e214a6e0d29df3e6443a50bcb5f5a95beb43d29e60544c4ada9428edb14772c3da9b94749c3cac94ca4e4e00cba59166697fb20653609bc1c89d487b8db3c24399aa1dab09c8b3dc7cb33c73fb47c67e8f35f9f4d7d862fe903f4171ef28708a207cca4899b8905eb2366824d620d11d388a0ce3df796d8cc014cf60c5e035be04c6659b5b20766f789ddac4da01792c442b61dfb2c8e35e8227286ba1924fa69cc1024f6a9fb310a08a5e086bb74d021483d597bccf3d8c6b43bd8d6497df3fa5bd8683cb3d28bf93ff0004e741aa4e1c17546ec8de144f12b7c24d99036e96c3b4be133fe2cc4c775634a30e1cf818c0c6f30a4292dae490bcda9bf46b66f7a64ec82496ecb86536049ecd189d70f53b3f2722c69b42d124461b4d18f42956791536c5b77d85160135b4490c9431b0ac3b44dd084b64f5c8f08f5bf05d256bb416e459923d8667fda87b5c5fa68659aee3dae2d2f26c2dc25370f8449aa3cb12d5745342ed8b3dcc84a8250e11791904c39bc0d563ecd0d3725960a349c8c14c1650b12d9926c5e089a8635194934b26ad782c9f73e60b982b607d03d0b2c215b53355845a4cc8d9aa1b337ee16ddc930f2843897628a72246a786eb04d4a2d5b115d4135557da7e781a1af290e676c3cd9c7ca6e509b2a86d84f47bc55cc2d91088e4063b547425ca9a29c526fafc93d57718a6158f527f648810408d72872250cecb0bc0a86fb0f62c22a642356afc96cf461f0215ccb1e6a4b91e1ec4ab35a8fa6da48f45fcee792813ee3d381993ca426d6847708cdd5fe0cc6b42c4bd34a43395880e2f0c84ecf413b2f23231e0c9fac174718d27eb25ccd07b830767f449b5a37d91232598349ca7469344a397fe4c867d0b03e7362996b93f3307514e0643b014f0a56d11962264232d31a8b5c2585488a5ca82cd9c2dc34f73415b8f6221a1ef537a0e9da55a302ddc1ec4c34b49396376b659198dcae319685d0bcb1967c7d9927172e3bbfb1cd845c3fb13285b634a8cc2487a212ef290dccd65d29a53d467466b7a431b6bf258db22f4372b0f19729bd07d46ee60a4ecb43017319968a68c93f19fb27284d4596c7716487e8b043329e9646393352ee89eb12c35022b678a29d9937a08f14d398939126f1c99bd62147612c3ec729f67a908a4de8d8d0f06dd766c25d1bb649df9cac42cb445d8b5af19141bba21e7db0909c794d7022e8e846da1f754f81af091e206e86f8bf4626ed7d0dc048d3c6af468e9fecfd0981c03f612d2a8bae0a6559a7dc4e92d77a12c537d88c9b521e44dc1f60cbe63231188d2fd1932ebe449a26f44cb0de41d2534e594315c712852d4742a7b0b1daf4185c94ec89cc1ee55b19d4b55a9376926f0469a8d68f7926cd6e7f8210b359212b112f40b2925ab4536e194039a91f7b0b9a268ed21c14c6cdce832d326719e5bc8e8a0a5d3592b880f6a345fa31b5747bd8f44137258ca784ec3669a9f2a9bbb0fa11374dac71c096d99b4cbb0b68947cc9944bf2652f490ce698a4d441215357db52e8bed102e064ec1a824b7bda8815235869da539fa0d6e52d5b4d38e45f47525693e085f404931719a52bd46cdd127d189615a084d6e2698a3a0d72360d702e3efa9edfeb2cb6de376aa555e5efb268d13b6b92486c62ab486c8ec6c8cbc11687b9245b966dfe8c446069cd09d5ba7c175bb63747c4fe878f1fd7447f1fd466ee7e8f07b4352dd347c20b7716d8d36aa3815b448ef2426589f123ca2e134a879e9a656a43c0ccba58997a35660ecc85c692d885905e0bab543ba2e1445813a8ad294de47b07a3b9c732c43d4b1296e47cae85c164bb9d4d715ff0004210e7a2c521ac58da0d79b7ec2972579c2b7d90ed44554da6e3442a36b55543e1247c55a32f686ad7ff4d563a40d348fdee36d80a78d3f5d8a781af241771b0535c1ab41329e052d50164b3f37c13615c492fc0b28833693732791b0e3ae6d7cafc58ea2d023449f743b73fe7b9882073496c22cab8de577d06c69715e96a4887366a5450a4a13de0776e57cf5eeef822ed40703035e471a95a15e5b4fb1514c61be67fd0cd3460567daa48b4cbd53b84569dc3d5cd4cf6816c0c095a52689134863244d246844fd9decf928d1cac48ee87f8dd3a1a4f9525f64d5b4386fb415c64df9170cda7b4f749fd8e0f220b41909285428ce949ebb335d14d23ccd3a3c78b146328c4123a53ac6207226059c916d09f42282aa7e46697a83fca33af615d0d72538f9164912fa2063f807d557499439a506596b6ec3c261112e98a52fc1895ad1b8e44b564546ef527e9fe0423bc00f5f3fd3169c78fb0386a7614a786593f52f0da1a0527fb93443b6aa1207526b93922edaf0922dee1a11374a1160e1243992d06d1439d10d7b110edd520799695488ef8011857ec9488cf16e1f83254890592a4f0b5ff0a40b2ea571da70b331b0b89748046af728fdb1cd870aaa4b65c16ed8e3d055ab58195686b91ee5a67536db2943258dccd4051188cccc491517bb8cb776bf812bf5891e11b24a276463d91efa3d308d01a10801bfaf0b37e228b4ca14953861a8f883c8a822672d7466ba151a878373eb1ab0114b4f410adb20f3432294fc420241f7122ecee246a3c23489926a9e7523cfa0980d249d03e98ea850c8b4dc4e6b3a704923244a4bd4e5349da52dcc32a950dd27777efe8730a16edc3c37f6ec125a27d366968f14f4bdc840315a3a437e97c0fa2dcf3e096ed24b2d848b1b96a244244c0e16ec584f7466177a8942a548944346c3ee66be4dcb34816ce53a2f642214b73a77130b1b2df09be57bbec59f1459e24d654bf23e6c886288a505df803060e2263493266c51edd26a64c4399e16ef8fdb154616690266d0cb2cd71abf84f6603a6d917bb3f43a571f93dc3eb0ff0010dd375f9a7d16d26ff51c135fa441249990fb1ae97492642c1bc36cd0c97f08228d63788341e036f081fbb41289b24e18d30b0c401343ec9e4571e7782d4b2325c9ef621c8240c0dc6334367591bc8c8d3df34ac968a4b6ebfa20ea36a2beb237b0c4a8c95c4f2998136ab72a5e173b2e0f7038271d15743e2409aa76e14b420855082f74d5313651db0732753431bd8b21fad6e898d7fa117ac80806a24775ab7a0fd614eab43fc57921fe6664894bc26fd8ebb39a46dc426dcafca1af906ea864d3b1931c305c6c722de039924561aa534b441617732c1272c627e3f0321d90b67d24e4f860795eee5bc7f47ae8a7642dd3870af08650d2fad046a706e0820b3784bd1ce189db71d425413b424f2252a7d09b502cf580996224cbd5a15bf1435f331b3406406963c90b232a940e666b9095ee3266db7add492643d2d84ca18bf8be89d0c4ad63e54bfb1b322b216bf313e7239eff00ab28224f7dc8496bfcf6f293791d8c2862dc37c1a58dcd8426490e27869374d23c3383121460b51d6bb8a7f65963af7248a5b96f84d5f85f8149e7ceee92ee9490dcd417768c4bf96dff00636c953679d2572f2298da3615a3e02d86cea35a37c8d6233443945447090a558f6bd866b30673e509f02214302b224995852ba7b04b5519f118fc87fa1edd97d1e81ec229e5047bb0b1aa97630c86da0a02165cc5e591f42352321370a862267d2c0d47d25e1c0e39d8ed239d092d83486894a85a0938b71ccc11160471223501adb62b9f9356d0268bc3174918637fe05d10b250b0c973504e425b57e5621ced691ed1fe7d0d62e5446b5b751a8fd18ae69cfd344d84e1b912b034f41cb35751a00f4ed90a068cbb6ccece5cdd6c40d935bb3b87e3ec8d47adca157a7fa33421612d0b6824e0f57637fb14923c45f2c660a5150a3908cda56c20c9b64f086aa2657a98c7b1a57e44e93665cf034d85d0b91ee0db572dc54a34a131e6448ae245791b12ae6053e66fa1e5f87d18b0f42c2ebd234fc4219377496381cda8b540d51b5749909d225c529bd4c6b22512b4b3d0606433416bec34ac9b8897b83c948e318518126a8729dcb4c8d0f38a0489cc493778448ed0ca0d4fff00146bd109d4aa18f5f3f03fb44fddb83f284a66cd5905a654e484270b8219420a9b40dd973ea331234646519322e09454ea476f143ac0d4a04b85c592ba4821dcc14b6d43230664c342139e4b8d865cac3a7053a2cd152b168343ec2e37ecc58e94e2744354bd86fc8d66d2b8dc31baf0b6249e6fa8f49441e46b54d14963b5ba1b97e890d5d9aed347c2968ec310b24df63e3fd840f42a5f3fec4c9da020b70a1772c1c28fd8566a7a12422070a9a3510e9b23ec3419193a31f747ebee4716bf91e794c97686cc8c7234bdea3cc2e528fa21769b0aae88930f9e8acc0eba307dff0082fe2bac92402f90b5f2660ae344691ebd246243c9092c89ad7034dca9ea5b03c0d6c49b901e1da12e4d7a35159b144a15c7626f209a8b941554ece4f03b69d0923bbb928fa26763b92a37bf4e50ee5f53fbd1bf90bb761126957ef913b15d7937dc83db0550a65b3c06d842c4ec60eceb76bff49fe09c729453acc3fc986d63d8c3b6e9e4ee704bf7256786558b07d4cdd6a23b767599183e8496ee220ea90aa3b381a45d5605164553132715cb1b44e3c099a8155d135b0e3719cc66e67774d3a61d18ff0005fca46eebd924923e49834ca7a2706aa95d137124e8b2cf71b2618377c0d4d4e0e648c07281f663a15cef1f48d1512e5608e30954f0bfd22461319669dd6a682adb52f66ae4cd10dcbab06626b82343d08a5d8315635b782ff84dacbdcb263185af80ba577c4b4ab0a8ff00616d28c88e77863e191ced9e6838781e1d868ecfa59a5849eb9c08c22934b6968990d6722fb1fe4598a61f1626299c9fe0433c3432488496ecc4d031f84253b8fd1d3986e88a5cea6959a1b4592ee36f317dcc1a5190a69354d4489ba1e866fb997b70362f68f7444f46342574447f09e8c91f48ae8d5b84c7412165135d5372270c4876955b120a7650c40e6a693ea6e9d6d761483258dbb96f84fd106a58d2610a0630ebdd12aa687e4e49ed4ca19d46ddc4d323566e87b8d99916af311260104c319c4d7b0d4bc8c62c70f0f9888f0aac0625697d189b734e117bc996f26c15c0d39ae209ff00b451f7cc13e974b50d6cd7d2329ab12c6943592e3fc1ecbbc8785202a4d6724c20eb512d94318eca432a5337744a711e479210fad860418fe3248ff827061ee340486cd147d05e89d3763cb33245051eae08b1de925c92766d4d70c43e93b7f104a44722aff475a28152a30661e4aa27d5215c5c30357415512923193d242ac8465adf61a623842a66c39a2517e1606e4ccc78231f2e93b78fe82c6e909f8fe0aa2613cc898cb856247b77f582999abde0df0ab09a139467a2f14dba590fa79092528ccb1f4f1814b833fe1ed11c78925651ead4c469150d812236eaa62595ca9b7a28abe18f79d5b844b63503ff001927f8a69352a56b03c890ae56fd1244097436d57a752d014dad2afb18bb882f26f425fd8d8ab09b63d13d441274b06a4d4d52142ee349ee84b92e5e4815f26ed31f04efd9472973864378641697764667e4a4bb443993a136224f062425d87d8e929e0b2eff00b44a6dc0a6e9d269956eff008c794b496338b14bf9276d029a141180690f635781b0641b1afae46b510988b08ee34a1580f34254b04809d8714284153d8cd1386c0b190e049864efd2087d06e84c9249ff00c18b040b96e682c0f25860793218d849e702c20716226eb41be108f1f8cfc99af9273a525da72e793b202c35ec84a9c298db2a3909e0b487e8742bc88b1bb49e7046fce90d8b3f67f88e3e39056e4b3c1e476ee51650cf6635ae132848939590f13fd157fa60f6ba3c76fee2d7a72826ec61a05372af045a787f44ba415aeec21229a3082ac595f009c0c90c9f817176583743c3cf234bb2257d65324405b69609158f445b19129d4294d369cc0f6dc64f9c9a271f4883ce129fc081a1a28313ff0082cf558eaf5b244b78c39c88416284eec75811b9167aee45d13dc98f822dabdcdf64b2a524c924d40c9b909194adb25764642519e937137838467e6eb0a6b477329a92769ad303c4bb5c5fb13531f11da03d844c7381c92c4a13a0f91993b7d0587734241cc189a72f0f2fec557a22df89fc1aa13ca92d6b81a98490bf038ba7069d4c3c74721ac3a8322d1906ae8f00e044bb09ca7e88852d491b45d50f7ff227b22493fe0ec63027fc27f831744213196821b24d5c4126ad0e51393c39664847b96a39148bcb7c48ab6351b8fa5558366bec4b69e45759f0cd09c18e270c8b252b7cb1276f1dc65d29eeec6d4a52e28725ff0022b59b6990e81362b36f204d2e5bea20dab516fa63e86cbe5f67d4fa163dc43feddc8f74fdafec525db0466e2465a435fb155441332c2392902450fc08122a8c47a7d1812207b622cac72129610d933349aa27e0598fb8438752aa644c4995c0d9ce5c1f101e7485944e5a0a60c089eb1d49ff00e2f0bac9a89a1e18a03baf3c1f541c9c8fb05845e16e10277326e5ec8966d16f020488275ce2ff00022468c14514caf992145dd0a0e7e0875051c1960c2db243da607d8c807fd8e831293ddafec20fd83d8880a530492ef49275b151d300b4e0bcb78fc8e2b00b065ddfb26b74be8799687615272fdc8de1216e5988e82c262792464603c07313109ea5ba18232186a43d894560a396319a727565ede2495a5953086c24b2e36eabf8b168927f971fc1338124e3405b2255b9164a1bc16e3dd66416a67ac07924f4479cc00d0585c01ffd5930a645859229dac3ac043bb2049522c9a7c8b4284f96324df93c2348289ca3965ceed1cb93ec4b641909e2433fb7d9ec08174099bc97a43d9931ec4c8ecfec52e4a2a50c25ae98a2c21694943618987460273645c4859b41d7ac85288e7515dfd3639e463779c7e42351e633d06325df19a3c6c29ad3088ca68a931ef4605dff00a13d26044103029685c70b92c8b5bda49f7f6ebfb3db0a27ff00091650ace407d2c697c8cdb323e10dc865bbc5fe89169e7ad85b7f61a992b211961ec34b6811b70262ee60764883fccfb2f83d8a6351783876f98dc26a0286962f51ae589095da9172e50059235ba1e589099ec2197b1ecfd8712247d4998ec3a64ae34a7d2cb141f50763129c9cc34c6c4db929a9cbd173126a096e4bdc97bf531891b923b0db696e5ee39a49da13c2341466b2315c235820659215afd969f2e825d09df440f44a214a89ddb8a5e5d0bf7a1d90d0ede24f410c1e52a8246e4fbe2bc0ca4a2ec93d75ea89b61e1d7b188ac588aadec11b703a119a116f3096a6f073bf774371a0b290da3126a18dcd29233e0c21e676162d644e106247dcdbfa8339043b2f2a1227a701189d8a5c5e1b1ff534501ac9a1ec9a1912ddc412df617062fdfaab902e8dacedf44ccc7389ee1308b2b4c922ee89b418c38f71a1beb92127224fa6bd24b9269d3048baba8ba44e7a19fa97b9d7f639e7fc914ea4429b713a17d048c2435171881271f530f91c3b11bec3d46bd016e61f1827a6bd73316d5896731b1e2e6235162874d4987a130b962a4b23b797448c6945e060e5ac090db625937b0a5ab75c25a9abd24881659d8496a489a618322865964f83fd248452448f93b9018be6a7045be9f58b7de35dcb3d9d2c448cfb837850d21ce8b77082bc346c5f38b773c13c8e9ac0a635d244c535e1a667141af49e9505246bf8256432024e87332265d5c7e062da4594bbd188e98eda08b3c0a05929a7a140afd8cc3e512ebac453a970e751a92530e25746c9e999b762ed067264e056c50c2d0e46c5a0a30a739bd211041ad11adb10e784e514e5084ae5d50bd1069bec27384d31fa20eefd086401389b1d998bf3211e11b2fb98ba19b7175b20cbde4f5065ee6508cfbe41c69f64c8c5d44aa7e074d1c09f10d63c92ff0011617706d79124b8998606474a92f71c6cb506a1d0df4a42dada104ce44b13217a144909a86e9c64a996ad313b598f62822c3d445c9c618b664e701e6251ddb396e0c5e5f29ec34e8b1d19a35e822437bb14a4d2625eb02228342542414a9270cec04613a1516c0926ae0a5bc41fa43db14d28a478bcb1b741ee442232823f9358e337d30313f73fda1e22dfac31835dce1f80c9dfacd1dcaf7ba3dbccc810c0d0fc7e43665cb52ec2425529c8d4bb34250b064244288c0b2f56c7ac6038c908eb2a48928388706d250dd93699a8f22d9cc926c485d6e5527c5ba10dc144f4d199a0b2178946c6832d0c62dd2fe85abcb24351793b0b9f1061c7635087b1c725fc13be8e29c965372ef789e94826a403a0dd156722d73a8d090b725ab4f2681ecd297719a6a0892f2b046c128b72936df23a2ee06a9911c2035c18834c6c64f515288996b346362628512c0f606fa2fcc54fdff237c83f33d811897b6fb219c362126bc8b8216c2c45eb930274618858e148ed57f11644b26a491502ebe21f3a99248ae046d8d03924aadb02e9e02453a043842969362d7de2f7ae091744ca2349774c7dbe0589cf0340d1a6e7abeb80f473f87a927786231a92dfa605a8e42ee296ca26b2e73b32113b9b6215d1e2dabe08544fd1b31ab36b75316ff10ca927b1b75ca360df8d033c9aa068dcdd1a067eb924f63979d4793dc327dd987f753df8b03d811e88ba0138632239221cd945b91220b29dd232f5810468a0b3228a0c592ec9c3ba1a2911d0cc4a1f1948f698ba997539372ccd4ab214d57b35f4079afc9cfa303dc3a7d50b4e993abcf5a486a1b835cc9672cc945237a88548562662314c9bec2ae4b7e4422d54b444ab4a16122437092b6fec8afdefecd6f7bfb1d5f7bfb13e1ecdfd8cfe9fb118f9c27547651f243c3144d486e1474f68cbcfa1402c0f70462ec1a9e598a6f51a53a8c2d0fdc8f371ab3fffda000c030100020003000000103b59166bd1fd3ca15e098b1181822cb3129b02fce3ede97da93a06f760993bcf862fd0ec52d055e03a0964a4ca0b023ad9b1bc151f7137341b7d35a68bf4fac54ae4b609d2f35d4dbcdcaed4f01d907095f72cab5500831e1bddcbc8d70f9e6e0e9a5e4413688c41e6e361dbdf630f81cf6a903d38ed06e3d19b6ac6dacf8f2df959daf27ebeec208bf7a82458252d4f9215c394956937c4bd2609071dcdfd88a737daa992c4186ffa616239f0d1b75b54934ad54e6ac1913cd718df5c6a2a76825ed014698690638abc8f3cbb7fbec04cb566acf153e617cb1716e61c8b6060d8d94417cbad1b7f288c56899dd881a87f47fb76bbe26155864ef648b68835194d25099acd143fcfc893391025b011f2cf5d68999cc872287fd1a62a8e6201fe3b9aaff1b30095f3293ad10ed96020063bf6b692591981f920b00248cb2ae0baeb8adb2c7122c5c9156e10904b7735b78fdfcddce981ccb28637a081fcee2e194d8de200f4ee2af18292ab2904efc28e31952a02d3740824cee5dc57bd1f034cb2ad7c479ab81809079ec2cd74c3080f79d0520a51ae2ce3a58500ac1199337ccc03a83e7934f31ce2820be977607a18af5589c8105a860fb23ab67f1bb6261916b4012fd313ce69249b5b9233af2ad4d5391b4dcd4c8dc8577a628146e5eb36e9e9c142f5df2c1a270de603f360db46d58b40bf823a2953fbbafc9cd005c9865b28cfccc99d614ba34a804671fe68caff000a1e72c72e59e1bb4d2379f791d382517ec81a4984c072b52953c77c5c04e5c31b9887aaf08c85593000de5500f0f459c9e61f839cf9f5fda8043a4859b42c105a4bc5eaf164164f44a05e251a0b540dc104ea5758797ec8c50c1d769666d94a2fd7b924f933aa741f56f5c5a27303ee5e010e9a7dd4ade2c8980c1a58eb6c0fa0074dcf2115c51511cc524a94953cfbce1166df36252c6c0f709cd4b59061105a3e09379c314016002686eef88b8ece2f2a7c9134da088414dc580cc88ee4f174061abfc9ab1d0dfacb2aff0096b0fc63759979fb60d8d4f3fb80716183e7a3ce20135a94cc8c03648e0491867d21a22640675b4fdda05a54898b36d081914b9199581ceb9cc010830ba1caa4b4103d990be529e7157afa05568a6fc8b90c5b8074a56f673f82890d55510ff08b271a2e42750593e744b4cd2ff424de023893b7abdfa88118c299be03eb1c1b32dc3fee22f1f28afec7332fba5afd40f6434ea30df9b22018c4cc914287cbc2f1f091ca94b68e870dab87a20d1676c4c3c95a20999300af0c584113c225c5859592083b29cb65768392af6a16bd90c252dd0352377dd314ee4ee745d87961973a858c436584f9082c99d9189c316ccb5e51c377aba902f0a5fb3b3609c0f4a81e695140b0ad924960453f767363ee12a7d793ae92aa3d0022158e1821be0bb61d6c0469b65b6c35879197bee8963bb57d90af6c4e9df2e0039e8d7a19805bec9e0d5f4b6d903ad3c55f0ce7cd08b269bcc5ef8b3de870e10cd369c544909c5442ed65b609db7dad2fdb58aada01ee63e0659c41be4d39490633d64f964ca334b4d6d36b01a583f018d91729d6da4a00f50155beba0823e19c6895fbaee092f77b648428fb7e4bd10bafe54972b3e7095e71c461ce549a1ca7824f379ba84225b48b23304d55a98d7533b87a661f0b3cb9da67c39d6ba8aaa53e1fee84d2cd5b2c8b355437671271d291c385575915b7bd68598165ea74096b4423a9464caf9ae08c759ef5ae7f4b501359ebd503b443c212e44245bc60174ca129b8a396ce9fa91dc48fc11724513cfe24eabb7b02d7928b247a256cbdd2b8f461ae7411e5831a8260177207568cff0084f961b17edb697a6a71c63589226dc139a33edfcdf5bbea4dee21151b23898a5050bb4dd71f3f92c073f6351e8dbdf2edfba74f55c1d2ccd5aac84832450dda8928bf7eda631e945d8a1dca8a6365fb5f500d129c71db62ee5c97e24ac12f0eefffc400291101000202020103040203010100000000010011213110415161718120a1b1f091c130d1e140f1ffda0008010301013f1060461bcee13ca0c4ef86516acc0c5ca5953691da0b9f09582030890333b8422cc3926c12a97036b18cd91dce8413d27a4bac3116195f1067e599fc23627bc38e0e095065b98a545448de50f55c5628d430046a31fde9f32ce8a7930ff1abf64f68a0b8fe9d3f9230623a9d4db90d32ac23374a96c42223e32f187330c4da1b84134fa15cdce8621654736e14243248609b80d37dc34011e3b8e79d1efc1d5c46170c1859dc598331d47737e2f8a858899517db0667bc381c070a0b66b55470c4000a0ee376e97ed31405fb87dff3d764474fe47f10c86032caaac085ac62328a6974af5f579eb3e26af67fa8cd1898675cc63624cc30666f22a4cb11dc448af98aa5ddc573686f8da1c459e5c36bccbc412e08245336cbdb11d457515b6662254370df0c771c0f7e3c04d66c8ea30e6f3113119bcbe14ce02b1175347b4dbf33521c6b7155b51a118963fb7bb36c70d31ed2a6e7ff003304628cff0016c119a8873dc2aa13a30c791b4277aba3f18f6a8ced1d30d70380dcd5c36cd38dc695c12e25470f137c09a45809822b253b594e88e38e054b3858a8a2ccd48b7be0df2ee68f782d7130269f99a475050e1837cb78450292d0534182c9e9040c25408601a205626aa92c4c4f29c068877e7e2f0fb63d1b8993c51ebbbf92fa3c259337ba2bdfd7e6618e712a2d54afce7dba826dd07f9bc9e4fc3dd4ee77950d712754f31dc33745a65d9929acb8ece0de79cda1c8d332fd4b2315495862042c05e59b10566189d09a11d4ee06639e36830f782d4dc38e3271125512308371d7c919bcb544b0878029984d135fb40b84d10990c5c240c40a8c2c8f5ac9123695ebb98e55f3116fd6ee03ae0238956d40fb62f800fcb1067d3f2bfdc4ccdd89b8699b70cd467645b9a3125eae6ee47718798310df3544d2024d4ea21551692e3b330e39315ce30d0f68a136e5dcd11cb8b8d2bd8225c72d41551d41986e261f78c598ca50563062915b1d1357b44b89aa0b94cd94c3f59803e062b4cbac6d6cb7ef989dcbe89ebc2d430c03789e5402bd9bfbd94f5af3055f002fd37f9893b4770ee7970fc49e62863dc77c1db2692e5373b9b4c89b73d26902a4c9702c8d2ec1890d0851358b35145d41822a269329b4ef8771d3de198df3361ea082cc39e4da3b7bc788732aa9d302d532b984a918be932ba9603120f61fdcc3eaf680d4542a592e25f0316a02cea6f479ff00900d2942769d674aa686e910666c61b7f71f73ef087300fe4c2fc957ed2b30659dc0cbcddb8d1f78e0994514a955cd6570ab110984371c4ceb8e92ea9083511ac0a0f482845dcd48cd13bcd4e0e61b9b72b31d61cccd4160983734c6fda56456f1398333b3d66d9b70f34cf74ee6660959112ec165f4e00558e0aff182402129e4256aa9f7f823d12fcc56a889468686af4d27f57e8ca334ca7ddf90297d0f72debdd511d530fe0bfbc4cc10991959e3b4ef3b4c6e3c369d47879e32c7223a9b70d6622ec9d4bda2a0fa44d0c0990986651763b09a438c4370e624751dc0bf72603366604d1d7980cb4b02cc75c082d625aef10c370c9b9bc236660db2b70284a1677af4660da6cc28c0992592b5b7bf4cd32ce2de265d466a80bf8883a062d95f6f10a51df6c24ab5facde28beb416d104bef08d5f755745ea1c7bad1541f0771329e9fee59d859df1f8e1ac373bced06f84d4391001374edefc3c2a644371289b3cba0e1601dc702528816334410defe8ada6dc5513682e18288d31df880ec7af48035115881d097c915c1a63b60dcc31ed0dcc8260a32b72a52689493ac44a16cd7faff0051e22f549e48b748853ee78f898a120b611e741b747f337567a094f15d37d9e3e6238747caed7ade9d3141747837f290881b7e62f6165b83b8f925c0c93d9eec34d8ee698f5183886e7789b9ba7b4ea336c4f5154ece1dcf28e26b0dc4c705c6ec126636e5d298e93a4069268f68fb81941c031c3695c6d33096154b5080ca8988eb328cca8a751065deb83721bc4159dc53b65704a4e2a2acfd2a0d07aff3994121796657a31033d7ef1d38474aa54f165bcd59af111e59d6936377a7639118043832efd87b1f74ee582a0afa9ebdcea2b7ba77fbf99bc1f2c401aa147cc503dcb0b665a978b6517e9379ae3a8234780c33666ef89789a5cdf12a28d9c2e4e1a4d66d3a86de3a4ad4a84002024630054ac98b02ba98f8802acbc2a0dcc8e2332e3369ae285703630e1079e02cdc5b0030612a5b255b6f19ea1e514d22aa0511c44bc4165cc0a9af0696c070cfa41643d615adc08d4e94a1e8229ec212810d6fa2ba08c34bd01c1fee05ab51355f89b49658903bcdf100fc47e63bf3166f0c189883271a8cc60dc1afa4a826c9617730353bbc55c2475359b45a397222d451b74450a8ddb65648ab510d457515ee0d16ced131c36e1d4da0b11891815344036d4d8063617181801cc4b8cc504f9871941c045609bc13bba8b9b8fa4c4cfbc66b2fcc7a4045f171601baf93cfeebb95c87a7b40bf8f57f1e62d18f34dfcbbfb4a69bd670ff150c2ef231607507a4a84bace63101c31df5dca9fbf38dc7243b8c6ac667f195358609889fd38dc266a69349bc724edc296e53895457445751d5e604a785252222b1ef376307275369504c60a4986c7518647443f311c38b6d888bfcc96c93311b2cbccb61e52c3512c6998b8c4ca5a8d919969889f998c37c08e29cc3a3d5df87dfab9636e1834b9ea0a4fc130c15eb5f07bf984b0f90a62b4d3d7a7c7fd8c0ea34b8311298d15fea18756cf7d4564fcfc58ed1d43c1a31333bfde5671c354bfa823897c8638bb97349a70753b314350125a8473e25e04b284cddc05441764a87106e07da9df8784dd95348ee3abcdc1303c0b0a85f7a4f44a0f2c4428ccb4872f41fc4200ee586a65c43b32c0c4b5885d7129080a8a80ee26d125c12b7dca9922dda38fdea599470ca08de61fb43c9fdfed4c1c1f7fe9ff0071f156f9e9ff00b0036f7186445a0d57f14f71f31d4234b33cc7b9e507168c7730fe72e33049ea4a232af896858f05c7c4d23e03020194b00894db37cade252e98ac65e6e586657c2f336544c45cf1113e69a40b94ee61080ae9e61143571b2ada8162fb65fb2335c7aa34310b801b9b5c1e61bc22b5b984686d161fca27460af846cef12c3046e1a8d4eb3d4e9e3c7514d75ed350f18b0a80a5f66c97a5faf55369bcdc0c4724da68c19868f0ea7f64712de45c5ae1a47a86b82c40b05a986d88118cab73bcda077366a68f79da5881053c691dcde5976f115da61288a54324a5bee65fd4c8fa11fb9a9dc194b2830c71c4dcf086373004b4d012c9908de041bc0570a9440b9bdc1e9890f0cc081ba8869896964633f33f3c379e21918cdc9a31dcd2419a9904753d78b952b8c2691ea691679130c4ae29acc4dcdae5f697216c40cc07f29df819e35348ee6b2c074dff00a80b5b0b4cb08a2d426977ef01919567a4be7cfe3a8eabe597960812e52ca080c26573322a29da0998134caacc5c450b260d4417528e495599b8fcc2c3b60a2eb0cc9a896a6542e855394ea769e26e4d19b4dbe65d33735fbcac5469c82152e8e24d23b86b8ed1ea2b5106b7c4a896cd3987b22b4cb4acc3370cb3f34ed131c0cc6691dca79cdefc4cc252ed0246b204662d98944cb19b82ddc1dc48ff00950690cb2ae608a7108a881895715ad88c470ccd52dc26433660853b9778941412e54c33fb7fd433c4ba399dac37155132371285cc73721a3e3f10df2d19b4dff7cc77082fe5c3cde266b89349dc58e3b4ae2e69a415491309b5e1d9058ce88398efe53231c128daa9e6930a6222b7822566560cf84bc1f1009783088aa56df78f71a96aa760c4eabe209a6019b4098604a4556a618d1a8e50b7a1813640e0dd532f91eccbedd90a54d1e914f6f7d7efa9062f5fbe63c6732864703df0d59b4d217334cdf2975306b9308b8b8f1cb70d45369b932462a5eb2c086c82eb3745433c4db88e26f58cc1a899abfa4e2e9a6165a6034d04e3bdfb45b7511a83f67bd7a5ca7bbd4ff51b259119481454d223d2cd9832fd222cc1a94c29434c42f10c21978f68181afbc48ccbd716e2d31cafd7bb1a722f4fdfdfb4b9acfaec8d788a98c44c2c85d46694f733f72e1fa38e74e1b87be1de6d07e52fb86c86ff004ee0a3012918f178b8be6693b84d4d04399bcae999c09f6cf226d5374d91ea6f31f945f319eb13ea384b38cdc5b1a750863597ed102cfd9053df030c1e2a54bb0400d5cbf10b773bb3714e60d6e5cab7332d64c79989f0af6cc62aa55911511aa81f94ce032d5b7eb15f04650624c9be69f92a29421cc1b08f18ee3b9a4ed36831f286a7707e9ed11e263a8f18accc357c086a13a9b71bf51ada42db4a23dd1d588b31ac4cbd4d9a80724b09e25cb8bf5b1a388bb8ea5a35f32ade8c5f50969ea9410af9dcb971f794db37cf7365442e1b140adb0b304212a29044b014f3f8f79427f0efda264cab952982e623c40e9423fc452316a2dfe7f37fa7f3c4788ced37f89bc19fcc34f6e0597a7f5137c3c50912f5c8189dcea29b4b10a0e20f086c832f59b678ba92a88e886a91da48e25dc7708fd4cd41bc3017435331e2149014a653c9cf30ebd7d24ac46129750c32c179cc0a51a84205b441c87eb47fb851b596339712ae5a532a58d4c1062c237b110c23d1d69f67fed46b92f11ebf7a998f16f19767da5474fb3f88c351df08d47a8a1c118cae50ea5fa2335a42accce79e11770e84be24c2716db9b9a8667713ea63c18b2f910c106a9a0ec96013a9604fa28418a45b843805cc054426a018fda5e6dd1f9ebf8817c4fe4234c42ea5cb25c4227982cafcc1215752ee3e7f30c352c947734deeca515d4d3e393d66ae3d38d91e2aee67d4c75c3aa846c9bd41706e0611ee353b38ae45972d302672c5afaa972e3352e31fa5e0dc6023b1c0d34c351f982ac25cbc3e81ae2a1661870e9b8f308531045193f496a177965d613bc1f9fdf116db9985ba8c2439ed13fca330e6d20a45d4de6283ca6752a8babe94333e5fccea1963b9d47ae121884db8ee337840ae6588c5bb9ae60b840b8e8971042e593eb0d34f0cb8f2ff008d2e690a42dd45b204a5d4aefc0b8e2399ebc11cc0cc4cf70d07de5a81de22e23764ad09595c61c7b78f580b5dc01eb3a5a856db4b9c4b30cab65a9c2b8b1a22b260389ccefeefe624364154e19700b135730790466799570344199ab946842d4658e41c0b4935c76e38bfa9e5e6a75f427706a055a5d433131c3e12d61eb28099e328e23ba4588cc5a522098c77ff00c850723b8cec0ea2dfa90328df5d40ac692f975364588e8ec8a18e71f93f1124d6daf6b8eea33547b9b30fb9c763315eec0c478ca122d7a86f93ae2dc23411bb0a81770364446e2912a32f293021b9c1a87d272f0ff852e1086b809470c2b8a9bc774c2271ca5cee3882ca85b0ba4055f10428d547598cab8153c92b0b708576c0bc75344ef1e9367dff00a254f13ef981dc1cc8aa8c86f819b8ea650e4cd13ca74fbc222e005053a19e981b4c93b212feb611e6bebee767271dc23a104372a9ed32448b62eb1b2a54521896f71dd21acb12cb81701750d8e03e102f0412e1dd4cfe803f7f99789a38ee363dbf13a8c7041f99477c062c66d0df1fda3a8b98f262d9e39fbcd085a61b258c30710c91cb8697fe008cafa0df270ee10dcb66e0666932ccb1268061ff0071324815c02387954bf72b845bb8b711d468d45f53060e23c38ae4f68bec7e26e31a0323a6a7a1c5d844837c3cc589b4d9e245e26241d0cc0be196e1e111c88ed7d7bfa6a57d75c1b8704677c64cad25752f10664ce919654309a8b8733d26a7acbadcd6e2ac2168ae2a54084d1c7b26c3da3c0dbf753205437f686046b3447736e7a4599da5f13a25c8455d98110bde1f740a8b8dd2e1f49ff8de7608ac4f48e204d04732eca8a75b96b94b9645c700aaca04de253808274dc46e0716b71289b9c3c4d9ec7f73a9a4c4c1bac70608054d6699dc37353acd22e783240609b11c599b51c3c0da3be465ff00e321c30e2c5cb7a55cb1959813420f30984b8eb9a66a052a0527c331493cd3fd44ff00855f89b343d176c15f33343f98e06995c2a6b8ee453c4fc7c69347c40f63f9886c7035cc42893b86e33acd78753d040b5d4b8d451ba8ad100453b99b6b35a82e8c5cf1a8724a95fe165fd2388705972af2627bf16310d5418d17f46f7a97f2a9a4ca359b29937ecfcc3a93b83f6bf82051738837066c7700d3170cb2a850fa4fe197171061365a45b952c97e20f27a9a45a494250ea61a25ba27a116976a5ad5ccd30f632cdbcd70707f8dfa808b66e54a27a257d265e0e2e55cd6d7d2772beaca60afbc47b3fcff0052b45089e2f1eb10facc197e44dae7cb2b348364b13db478ae0e61c471c9af069f32e3a9b100ced0867a12996e1b71b935e0102c3aa7aa080d186c5a87da330c2f5e310144d7d07d55f5bf5690e29826e510d84352e54d10106e0f1531005b278fdd40acc3ee44b212e295fcc532da161d9e7b82dfafb401e91d23ad46cfd719b0608c59e0ea32e93e65c5c4d084458332a1a2c8ceea6d19b916383097c3c354bd1188105cca388568e0e6bff0d715dcd204a84082ad89b1975181b32efdb9786a0770b2222aaa03618f3323ee3c456fa8b5c8f2c77aa50421b502ab86d359a4e89d39d118198ee0f034c437c1e3af10628c0747e251d1053088c8d5e062cb6c414cc84c048fb1870b86afa2b85ac4bd865b18c5184ff1571e3cdcb9b8ef8ba95e65f0bc315254006c3d3baf29d7b39f4971b2d79f57d3d3f99a137f9231c5bde784f8455795c2bb8bee6e04194ec8b73666b1d4e89d912562e661341115b65b0aa8c5789999829a97897f45a23504351cee590a6b8e3d4ae89b82f511e87f3c908cabd40a8e5d4424d987f94e1d6ea7597d6c750724b9645867859702a5cbe1e350966ea5af4f6f5f5fe2217ff4ff0095f2c511c56b5ad4200dc1425e123a12b61d40b84543499d93cf31d462e49b78d0c771632fe626b878780cca952be9b97c189b861ae310238989a8b3d486756928b068c4030f2278897ed42e68f071d70c5be2f8ab8033195f41186652b184dd0fcfef506d7330a25859f4ee2abd0fe4f798388658d6186cc18254a872cbcce9e3b2751d1c7a4618c8830c1c47e614c07d1701090b1e4df0afa073298c5e15e25f0416f488ee2a731c678c103eef3054c474f4cde79f4e1fa0a8a45e6a12a6b8a4a9e242308d9ccb232b27b94de4e2dfb4d7406c818a95c6ecee753366c9d4ebe668e7a220ccca0e238ae3ab8e75cdc76b70ac18951397999111895c6a1b991889d44cc782591b9318c41312c2d1312156650d3173496268c0f3f431e480bc292ab82244a233bc448325a65f5f07f7fc4b8db2c6a5e36da41ba8f1b20181f6c47e2e7bcc31b28998ee3be364ee5e26d364383a58f1b66b7c49833782e61ce112e0d6664c48c58579841067862cc1c5c1dc624370d404a88dc1b51b72d771318332cd4b2e85af3fe1692e5f0bbe58944679625d2e658000f2d1168bdae57cfef504ee375c690a312e563110c4abcc01abc4c23c6ccf2ce863348388ea6ac66266a53bf318b8e34cde0d4571e46e642318e381b8caa0463be1831d91cc31956e232d4c4cbc79f189b85771806425a6a2a2a07d0c732a1ae4e35c2592d25d88c5baf9944b6fecff00a2a2dd9f7ff92de3efff0027a1f7ff0093d0fbff00c97bd7dffe46ad7de5f5fdc6db3ef29e0fbcbba511017be19b4bc33a4668c35c3a66688eea689165993c3b61cf0e58f0310206a5a3e639866d2ddc6b1d71a73d1046180c05c7d60aa41f511e2e0c230fa9cc3e9be1e0f1184b862840a9a9ea33d461e467acff0032e7bfa2543cf1d402319bb1d33a23b8698475176435c309bb05aa3b9fffc400271100020202010304030101010000000000000111311021415161712081a1b191c1f0d130e1ffda0008010201013f101918541e196c54a906f44ad112872531c21985b56340dd0b854704e8de1343687786c2853e7d0b939f494b035b28487da4792cc6fd122ae2d720aad3434f02521b548dae5b26eb259982468d8304f4f26aa397b0ef051140f68132a26409371837b3cf100b0550e8650b08a1d422e60953a136da4883c06731b514c65bba11a20d2db15ce1d14c54a8b6a6c88d9b7dc6a4513939285c93e819526d8a26468b0fb044929ec3ec4e526d08eb6590b10c5d781a90ff002367a98fc92725593d63b4b7b1b4344d7169df95dbb8f6de7fd197ec6ae73f619c228344659e2da8926880b6813aa44fa6298507596cc566ba3a82951a96344a18681aa5087609d6c4ab12a2e189d0c27a16ca1581a4f12bef8551db11c11a1dfb0f83c61d024b1a04a2e1be424c1666f4894b0ac511b6351a72364e844a06f23fb486241214224dcb18846359a84dfea4d03ee1176f1fb3a14bdcfbb05c86450c6270d989389340d2547586158876e4425091c089c41124582811250b6d0dda04a3446874448872a6ec7128344c5d1d09db13d8e863e8f40ea2a325a20348161b356f2545f9827531b16620dcec69fc027a6a33f1f9e3c888d1b97fafef258ea24896492313db0e41f59f68141a1fd8d17d8fad9c0e3dcab5df12c308d1204a6024931e9345c489a650a634f451423c8944a38211c83369706992a224d489f335639792659c0d85d7141f42ed8b976292d0594234c2efc04f23284b243722b89bbee324e5970cd873102621b269c907974366ea3ff4892868a842d8dcbde2c981534f581a596f2c460f8cca074cb0be243ed318244185d874f06ab1a1382ec563641bdc8ac7651c0a4e589b34c0dc5df9158ca0842285593b6ec566c9e51bb0553e827678c9a916358690209439c5dca05a31c93a6d8e4026869b205090a23441d8882c630ab84fda151ce9ecfb302df8123ddfa3752cc25d9cc234c5102708a2e2068824161161d657158d6cd18d223722252224d032c54e565d977e465232982285313b7c1416be7f434bc5422d8bfc9d3df09240d46cdf6684a68561e5d7722d53346108789f5241b12d4d99262497a121b8c637bc37335dff00b9449d26ff00d13c26e5f87b8f62addcd9fc0f0cedfe0f1e7c5465e5fd86da15e52998816232409213224282bcf61d8dcb81ed04b808dcc9131d18cf93652ec710e06d09b15e2da2b3e8141a53dc493351e4873876545b5dece578c26224d1c60d16cd50a9dca094856342fb86891e671a4ddfc7e45a96a1f0424e5ec4a51bff0047dced39f869fd90d87d8344f28b7c607da8b3c8f9f07d45bd8e22bc370aca2332564a632c5056570d59c8b6693381a98e672314245c69d0ce02ed963663d2344842282b0a8846e2adb12a75624db81bb9113db8e8113b435793e61c176c9b822cd2723764c8d348bc1c4ea50323c0d9d9055c961e20d72c46552db84204f66f854bc887a7f643cf410d934d09a366b95a7f1fb1a94b77d5e13a0d7f13e83668dbbc1ac3b8edf837725978651122781a732546ad12f042658a1ce6ba13db0906545c2cb6c6dad161d02a68d70a72370750f627d06d1cb0e7a70335d0684c35f4f16ea650f71e46f91c3c318cf8c0b55999c482532808a23a268e468928972c6931b20e5742ba1fe1925bc76ee496abba3514eabe845b493ddd7e0619bdc7e04af2daa35444a25a446ef16959f30d95f82e1d94387862693f253364f304e438f8c504f422c74636160dd9ab1a26840d531741cc8424b048916d0dc760d8511306cf23c266e91b24613e87131b811b48e0a7c9b3cf098d085d65899226411b0eda6cb1c08b17c83c53528708cb26bde06f44226c352f81d4f08f4fa25fe8a54b97d048e9bfb21aaf9f1e0688db8348e87a71a8784db8f8597ed1f6f6394725e0de3dca883922a114c8a6ac411098c2d8eca89ef25c6f24db936dc921e1e06761d4b3f22adecd050355ac09b458a9020d84c771f6404d89be4a644937e049f38f6e42d65c086c88c2138d9b845ac789586d9bd09e89bb260c5dbfcfc40a6d8ff98b819ab6d4bffc24a6e86fafb6c43363d2d08a6a82eacd1e43469763e31773f15953b31e5fb23945d9fbbe8ad9231b21142306ac931596c559c30b91b626e49488a724084894d0b827589448e0426c16e18c6d02f409a06722db827d25235e1204e023649351c0f33457c994586c86c4a0688db1c40a121b494b2c6cd781892256110ba8b3ec2c8227ec4b7f744d6ebb4e97b71f242a057ada3d9788f720ec52dcd14ad0928348f8450eebfea46ccbc95f01ca2cfee4b7bbe8a3c8f7b2c348b0d9dd1924c05525876308db04daa1b04cbc12f4c954dc8ae510220820586f0350ac62a90ba0986c90dadd9173770254238423cca5131242e86ce28434d212848559621b12484d3d214a0587124ce2257811bd9a43ab8396fcff00e0b6d2449d4313591b49b3a77ee5c0ada35d5313652b916ae637162493631d789f8226f17c466ffc7044a7b7e87950ff0087f6728bbdcb797e99a38c566885a76566c7307044210765045921069193084c93e0579b13274895299a090d46c21426cd6c7504cfdd9558316858ab16548524662751286346c6c08ddc947a090372a4419235d4d21c34893b1221a029204d9358a5122b410b4d317fd90a921325084d506a6863683771cfb111a6eaa7fe7f82e98edd064aae07b40ded27d442522c3265be0b86e9edfe95bc7d6099616f2458588dd912f187bc7788129a342d821e1710ddeb64a1d449b6312a75d482289ca476a8b0b22f8e5c49a12e0e38712d8d4a81d766248d431e94095365cb74341b144691ae04d399e847525236d2194407a8425a531f02d1da46af742061f1124418923db2245ac449dce68fb267b9f3889123469b4456a6ec5bf06fe6bf66bfc2cd201e0727742e93fac6c4e6c7bc4118687610d0e79c12d0ec42e3a5a13d887c3172261686ea5142634390bd9c2443b1b44ce67421a3ea243286c5149b8d106c11a3f7657e0e064112e842d942ee58cf8214c895d99151a1a6139b286cec708dd40d7284c6f9136dc8e9ec53685b121049168eb0e0bddfd1fd0ea68ddbf5c2fa0aaf28d1ff00391d112cd1a09e2082512863d8a2a1d943792c50684ae048a4451075054a34200a0db1e03390bf428a1e0a3331292f7e64738bbd8d16907be9f815644d44c8bb8bec2470846c486d225b19bcc9a48656d28481a8a4c9927502de89021d853d488d386703502f41da4f06c32c4354d920d61eff00ae4a6f7fd1aeea2d78df43e457f63ed5f66def8d4a1698fba13816124ab34f09d0d0ca0d8546a6922952922c9d49b6690e1343dc448543925026db0c94991940d1058f450e3163701b322a8ae1a37a19ad1a613e3a0d77a6cbdd977ee3924d12983641224bde068d8b3dc12149a41b4de9461601727636c536893cb204c930f4d8908168e81a30695869342c7eff00b346ddd0f4aeb1f47d81c856f08fd3f67f4f02219a062d88253526b17420b4876268ab63dc0930082491da66526a745442c27b6b06ba978c32424923fd06f5ed89456196299e50d60b7843289124d9289d0dd2f71483b6c5435a1756064b446e294093644936c970350245c88490d98a1129ad1c1a14104621ba1ad1a312a553e4436e1f7fde4953084ccb311b797f656fc7d9b11af81f650fd0b8e2feac4383451b5034f3023a62e86381d943442126c6b48495ec47c835aa2c9b2b12504a25e75cad08ef7109090bd54352a46ac213e330c93a1266a9a6c9a30d70ff00d13410cd2263db929d8b812550d0fa90250d48ef70dea513a1a36d0d83e06c1b7c13545264087529084a58989485dc7017a25bb6352846913006f43492532c470777f624fb7169b797c31395270f1fbc0a3d8829a345fee0d78a524c9c6da46f8283a2c707250a8ed270892501b54ba0a6fb1380752b28270816e4680d2533ba447027d7d3194c5a154bb1a89ab1e0b1fc08492eff002c708be43262cdb6449259618db24ee63854252a041a0d49225ecb42348362f4c91a7249248d9164716692cd7a42b2a04a30ade83a94688f67f2509507da22517666e6d91f54c795f071f0f03546fb0ece0dbce345264b98174c5d1b5583a1b6704ec46c883ba36231928bb813256b6398682483134128c4d29d916247913132faff00cd194b1a13d9d2249749627b44270c4a193aaca8e49650d9bb149009b691b1b132255b64c90a7a0bb728234422512442e90dda96d0a8dd488a1e3ecbff000801659d0dbb89fd1bf80e57b9f10afd86db0f1e7fd8a8562ac4b43718d0438158a8d4226a1ec74daec3b06d381a65d84104da240ac0a36c6b4722c299631ba8c596c4f0b0cbba862ee143ee54212d2fa17dada7bcaf42192b91b2a42b5364ea249852c9dd83c22f427a486c448101f5a26118ab14721376125caf224a4cd85d1bfb274ffd4cac743e1174fb1a3923c793f62d22762ac268f18ba1b6508562712677b175c4b411446a7476316a0b31e790a2fde56b16440c9cb1124e508da5d2d21edca1b00b0a99164fbff7618edb8f4267e073b6c531e19a5a1da64c681a845b7f43a5d8c1904611a698f4e4366db1ec91d212e4b01be71f2115a1da2e1f47dbf45e51cac350c589220b6f9283b1e4d9769339a146a31a8416250c9e829ad89c15c57133992f10278bca10c43126ba89f224a81bb5f06d0e28891f5cc8d0b448e8fdd881890b4344a8b412499c9394d93ee250b0d458e061be8a87b7278369ed48f6837a82652e0d5889b172247951fb8768a33657643fd3eb1dc543b162670c506b7184508290a044a44908da0d26caec44a84e5b83821c318f325942c3bcbc2f42cb168890246e14ca1e252b1cd4a94c6c6e055e8621b4385d0494c5b24f81269c8a13a081ca09dabdeff0385636dc86cb12d6c4b944c21d3186e6450884f25de58f81d336f00d30fb2fa2474358ea1123c3344a13586d0c62c3a4eb2c17075060da658caf81d418ee2b5b620a7397ff0005e94f86412e3a846f448842de99a1f612dc656c4496849428a5e124edec6668b25252242511d036de856162e5941ed08934df5fa11c66e06a1d147e47fb1f27c329e189d31e51f6436c5bc5413049f2505a63d0ac481334659b3a219361a809a136454c54d0980d28caf4bbca2c798f44924f236351bc21b1751e364081231b58e8c7507021a18df012492c72e113b4238cc8c891436c6cf8212a12bf386585d3f657c3f6f0e99f190ca44f15124b44a6b46872504229c4a75169a1e1a096e2c985d06b68594d0a98afc218862c3caf4513eb9d1a64c8b0e0558dd0e59a31ec47022c2da93420dec85c08d58aa0b03c2de85a206b52c6d289f71ab92a99173e4eb8fb1f654edfb15e14f37a1c81c287f063c09ad8e8a0b6f0b0859542d6a2452daf02430da0c548d8d258cdc09a2f29ea795ea9249272bd4a8637a2123a92c3d2129852e5f24b849e54a16d6c8230c253646b0dc10dede3742e7c97223ed7d9f63ef2a4a983aa3b8773e4da051b2850e4a0b42a19a481383b479f62c1282bd4778a9550d36f64356242af43207e892492c9272b085870c6b091c0ca327338d0f4854cef27621218d1e8816f3186c62a1722ea689e453ee46f328bec9e06d2092c5d0909e4acc8450920b358c4bd2642549d134840d3e02cccab31e86bfef1eba3136bbe6db128b221cf025bd910f542440bab0e15b14325c9d891a24b139d8d8cd472f22b784d3cb29f2f09b2e24de02d8947268d160850ea361362c4b65ed0e7d8824f62cb0e9147549d2420a90bd2c7ff0015e98920779588639286284dec72e0931a658df419642147a1f6759035afc890964f49626b5f93fd1ee6778a43889e92d75ff04226dac4498dcf91147e58ac23ee1f6112293775e46faca63a686d03906ecd81230a50e30b62854646e09491bb1150c799a1a4c896a04a424710d64825af4a1eff00e4b119448d6e71b11189ea4f4cd50ba6c70121628a3862b25f3137ba1574459b4835b211cc08d9a823d31d0f0f13fcc8fddf6721148fe688f97e8812525e3c228634b48d74c5244358ab28e0b0b64993ea7910ea7544923435a9815f091db3a64939a27fe5185e8589ce1a21d30efcb79248f4f111b2521913e433fa8952c296cb429129cc3f06b5a4d761c6d0fb8e80fd85d380d0a913a6283c798a4bdd7d149c847f1ec2fd48e825b3564332328e27431a6cee128945b059527684b64b820cd05352860d3651d4e5839484931a0ec541d0e21b81e67124ff00c17fc5adce6506dc101b634a91ed902da6c652a06b786fa1b1bb4ad3149c7bf81b3846ed28916a0ee92086c18d46f91586836de44df9fe8a857c72f0fa236f612236731c95224d93e8431ac4878a3916284c8c621951660c4331bb61a8d3a6c8b92ffe13ea5e9927125b12318e58122075090dba4569de18b2df03ec8253357c9d0aba0916b63a09741169863ecdbcc56fea2a15fc613e488d04c45c3b4450c1f6c93db1d608410d5131c97b16153dc4dc6dec693858b4d53f632e548ab648d9b1d38362153d34587fa65d659384a4d0f20134ebd32493947275e1e10a162249e9ea49b703a6a5b5d48b16ebfe12cce246ae449bd892b80e54f2c5cdd47c26502fa62be48d1e04e5c17644b6b9ea24544224dca13251a2110880f112411835362e822270d9d8d75b1ae98afb57d7a28448c4e5f2c4c728812099842f5eb587588107ac258751e981238094be44e97fa1b243d5cb919593a94287424387ce5e10d0d9b353e3328f02fa63f516094215961c4c898244069264ac244e1c9289270961e8823a1487bc392646c4d8b6440d084e99b320d8a39229a13780639d97fc235991ec88f4b1103171208753403e268525cc0b5a0f02968894d0d8926eb352cfc14bc1c5d98a9e05f4114f158cba91ce1826e4ba1db187286ea2f43a02474f0b2f0899c2358a2561084d0d212377487c84881069a1e90453917dbd4b0ba0c9625e9b1ed18a2462de90878213762fc9c166e0e2072f452339c721766c8f18491af608a78a2d5fd4242b3909b04d343d8a161386262c4102503484d28595d6c996262de5b504d38627391e98b6866812c863ecd362d8e14277684ea99b2510995982058562c09825e0b0745089621ad092639172158992218b16acd609b681a728eb4cd12382d399f805d83878c6fed365effe14c38848d435b1d0f086881e5610b42ca12dc128d898b04e0761b582621250f4e437184ce03d392413842d09c89585899e9a20502cd9483a76436927a7a91c8acdd882308c3a62da150c41234b423723df212699ac826c9352c52e840d88a83d27d64a2109be2f63e2fec63878109bf01bf88529166a82b75702b49364496b168121610b1a17de1a443a154c34a91085848d896c421f662524c7dbd8d15840d102612882084b2b2b6508b3c37e862d3211ac0921a0a4faff00d1dafef93b7f1ffa25f1f1ff00a7f71ffa496be3ff0046ce3fbf26d92f8ffd1245093fc2274c1a49c21171fe05766de345074f07272f0cb37643892925a4a49515140f08a0b098b1a054ab0b0a1aad8a92ca785d09ce44965d476d53881a7d81e09659c0bfe0d11031e78c3d8d0d23b11b66ce7d701763d10728ded38b8e1ec5e3f8d1463a9c96f6624cbb0f91211d45540f9049c1ffc4002710010002020201040203010101000000000100112131415161718191a1b1c110d1f0e1f120ffda0008010100013f104ba6e5100c22e80970540b3eb0509638839bcc1b99074451a9c464bae2a21bc2a951d1aca56b03189902b148267625c61a88c59e93336d39bf331bd5504607df317c4335d4a6f5d413220b1703c688ab121e3e6551e04342e13f10d0f5c16de85947843e88acf367d11d37332ff6e66bd104750d3b04fd4c00acb0b7a5a820801a6507a29b8055d5bc4b150dbc4aad72328f8c1dd07ee634d62f741fb979417de400fca4403b2f8201082f009c016b109fb43274b8de611ad5356b18138a680a6c7034ebcc0ef0d5655d5fa1ae22416a3197588034d95b55596b8c7ee5512a48c2da2efe9808245bd8d19ab2cf39c446e1ac0270e24bdb4b140a6e26a46a0a6ee4f2583e20bff4ee0b3f07ec9e028b97c11da7da5f70d1fabea243e1a3f12c6ab393d20bb681bc4b0dac2662f34babaa3dcdd2bfc4b12fc547e608cdd98bea759fba60988c96183884a8dd043f49a6629908cbcd32b9664d1c2660178c5ca0003460994c9c08554e4a67162b89b62cf352e0411cbc4356d690c30166a968d043502ee88016437816c984e2323f72b3a8a9bd4b9ac765d2434dca89eb37f13d011b5cd543e955397cc3b4de1f9087e7206e8677658fba805f782bd644d526cfe70cf2ce62dce48c568e3986c6d571c49f10fe1ff718b8da1f6841f677dd264fe02d1c58e8c2dac2fb2ef4274366ebe65326cc5696e2e5914644cb0f5dde351eb2a1d4abcc5fa7885bd4e86d023b05d029848851d5addb2f099d971142a0169c62fe66e10311543fc4bb20418201cb9cb36f051dcb2012b56aeb1ce4f0c0c54b4a0c2bd8ae564745dbf931f83f682fcca1bf7afda0b15c3f5051e887e01fb21af353f5310dddb0375606bba984a4b071d4c89e0fcc460e238f50064af11809b549853fab1648c4c81ab78e21a7da1b13121cc005e67375051916e21c06dea500a68c4c0a56e0330c0402dfe13446cd59e503d5c335772cf2fd442d0b73074b6b821cbbf29448da97e92c1774957419dc521bb60b5adde6589e27bcc987883ea557b0fb20a1c0252c361f64f0357eff008145fccd499c1ef02206d16c750c09572e6f9845ae2504c1e60ec39488039650a811a620f44eb7f841fdcb31a7e26fea79397e90081106a17a032abc11f0b145d025d36d6596afb823ba7a19b78ab3de2820210a42e02c11004a55e011bb3eaa838201838224bf6950797c31be20ac22ae004701bb7fecd7ec1d19cffe0460ee9930af9412ed9a3de560a98e9f84069648bd3c91b1840551e1bee5c4e88d5c0646cbc06e2beeb3ee1a3d0992dd1177891f24391e19beb9bc18bdb7d4f296bfa9637143d2275335f52e00c54cf7d4b869278266d5a822b366a151922f6890d82b5b8ce3d437ec820a970b3f2c595b39816f8886101bcb30eabc458ba8e54a580f82522492d993a9b24fbcbf732705be25a322af388b31a01c4a8eb58c7395c415e8272dfb4686927102de216da3134b9b8283c8ca93ba7dcc3c20994ec3f19fd4c342cfd4d3d1fdca23884b22b7cd16917ecf41fb8a92567d255dd61838a2aa2b21a32c14295e21f0d38b65cd00ca25500c257fe3b8a1eefde43d597c20817bd414c7af97d7bc6df62302ed8371a2898e3573f20bf046861f8672c95e290e84ea19acdb759fb1631f0bbf42c7a156a1c595e554ca36c1a6b36a0cb5506e290bd7090a016389ae6988ce2d13a7b8cc2bbe5cbf6bf1c440a2c6b2de9e5e1f732f02280abb715171f97a59885d01a749b2a878b83088cb90a261c166a646f47ec990763f4c1e88fca64bb1f9251e4243ea9417d6605a376d7d4ae8aa11f39d43429a55fa7885060da0e2038bc971a1c3a0a8325a1efeb2e0216772bed4361719079238f2f886ef0587350d83d664764a9b266405721dcb641de5883556f8812b0ddb921f471995135e096a84da533192580cc0d54652b88ac16a6b9965ba04519ade9957a294ebc4b326082eec8fd10eded2592f0bf70577a65f512c1c87d8828ff399c0f0fc4107c420a996bcd3303fefbf62230f3374d9079d9cc4c0d3798515b6a1d398b88c51e2156f3e4b6b509c9cdbfc418d6d36771644f0436934569e46bf4854103599b47cc404b7175145d90354b6be6191c3e8a01e06a671e698d102368e1d235eaab887e9a8e86dcd03502d2a9920549752b840f6e5cb88cb451c2ee5e9f71c94e2361bd07ee338772dc430e45c7f965a93e8c0b5d751221a1aa52a316147bbb5980538558978dfdccfd67e482cbb47d4a96eabfb834e7f29051f3fccf92cfa82fb4cfb82afd7f021ce603f24cb425efcc61992df8987a12fbcbc905845763804c0f486bd697477925d3c97d21a8c88ebdb1b4e5829fa473517df305a6ee52d2a000d6425b295a2f52e45d72a5c597c4bac5b3c4762dd98b95135e2c340628c46f6b73c17100559292bd454c2841b987ae6c5564847a10c2797e0ff00b1dbfa65ff00149f83f70f986ff30dbf2a82a8956c149e5fc4f9099d1df669110022d7988ad769504ac590a00b60e224a2b1550b997db348643d5450aba87b91fc11cab29a92ff00170889189738a2117f885e8a4af4870b0a7043de6328151e020c276329e1e4645db739d1a32f427aa7a2c1b37e5c4dd9c192dbc4729b74c17b00b5f31aa312a703cbc1eacb84aa6d56d8919b7947063c4ebd632318ce8841005632c7d36c170f3cd2d02d35db3674128430d0ba8af17befcc343dcb91d88797447d4f60fb52a971f78997883f11835e1405960c1ef100b3d180c866daf48a97504edacc5257c435446018f78471c3cf98d87a4cde03c333728b84d3506674c4327a9f8a643cb1fc0c3107012b94952d0708061cb54bc472b5aae61b0d571164502a60036692c1c16c392153278845acd56e0ff071021d5cb715610e7f3702b7a1d441dca339a1bb4a9ace01f52e3f23d823b7bb53aa627cff00c4affa3f11ff007773233e89062f87f0ca83c99aab8f4dafea2b5d1fc650519a62022ba3a87731c591e4be37045afa1b8712e899b1a01c35f613f7159a687bc6e1d057a22f08fc40df222138a3e494b15e1ac6ef4ede3f2c6c94a6c5add5b15b94e49307a11d9437a7f6bfa9ef6c57f5b4afa8f5fce66651ee86f1e019b88c54f37822c4ce47e5013c6d0db57f6c7afa4b49f73ab5c2974a2b43a4a8e1c00f7374e0ba3de3743629460bbb513cfb82c3fdd4c7a83f53c907f865deb9f090d2762fa27dec37e247d23a0eebf2a566ba2b89cb281aae61d38b8f039a98093668d7da505e6f70b165b1f6c6f6a1768ca7a5798aaca3193911946b2c2f75081d41a2389f69105e6a5ef77055d90c88b2b04c08206057bd0ae257136c595b592e3611bab11e71d00f12d421698ad42d38a3f8995dd0c1e8d20a4df12e8566a6b995621b07643687167d40eb1f6abf50526edfcc1054965a1a019554a02d8d44e3050b10a90817b35643bbb329c159634d2e9aba8f898158ec875869fa9f52af1a7ea5341fede25f5e1ed93352936ae03d0b80877e4fb9a5985519865a80abedebbcec8775bdad029f93098e465bdcbf77ee634feca374424eaa5e8274348a864a0b77b230a420bd9e396ada8c7c8df0183de505f65553caa20bac2660fada475c96602d7e219a8bb46cbda567454a8f8fed338f41437c5fbf150b0256a2dc50f2e2e53925f5d62a6411cf3ea456b0be68cc8ef6cf199d239fa06c25bbf60632eabc82a92e8d85ce9a09997610e97a1fa86be37dd27aafe960cfdafd47eccffb9d454bd1805606b679084103a4b9446eb508fd53766b1a97254b1a53e6524d007dcdef82568dd4d42a5c798d9ddcd0cf013e2c338638bfe0ac0aea3e073056e38993be8dc148b05e61d4c21a6d5f3163013bd4af32570a720f3062002c0ea0b68962af997b7a2553c37cc022b81c4a6f99682c8732d1c63f8682727f30dceebf71d18e3b6b07cb0f7c1d724b28591440555b6c29118a8456c001780e2540525320cdf965b2d0b20f23b1d6a26c238edc0311ea3c46bfcb5c0e142ed666ecc4016326c94be93f4ce3983f0a5a97dc7ea93a6c797d4e0f6ae082a88349f6fd00f5899b35a3474bec30854be74b6ed32af7310c3712ef981d2ae16dec8ec3504148d5c4ee1ad45cbf588a933abd2202113886d4315c217e407704ae0da39cb5ecc7c1b2259ca0aafc4ac845bf4eca54d6ad47d4695b2ebf2e96fe65e37401ade73c5301a1fd9034a9c0bea56136df6f9adbef5115e3f3607a180bac40f6910b1bd235a6e3e06dfdeecbe42db60e6a3403a1cb68603cd2dcb08ed71b7e5e28efb992a1a88b0fab70583b3fb4dfe840704b7f7ff67ac3e83064ddfee9b9e12801e6fed8693b1f920eafa2a3e30956c260db6177f1728dd2fcc7101793454ceae47703d429ede8ad92b30161821c550417ef7f89ad30e4c11ac3b8be09479ea606bb80f6d4b27986588ae129a2202800d8abc4340aae0733711d714050b87de64c2aebbf6990812871eb060d60fc44d6f4e655e8405374dc4a8b2c6fe65cba941784dce5306e6782e04ad7437d904aa9992332e375d463046c6d979638544cdee3ac5d96771e4f1100860674dd579ce603d6dab279a76a2336b1b3a65255794862abc497f0c6016bef4e51817cb0b37a155541c5a031b8fd62fd1b888b60a7a2bdaf22f996beaec72c28a67125192014114b599b362e84183a6f721b1380e47b254e1e92a54dd9955760125a6be1722a25b929b1a81dc59eda2a740eaeb59388d6a7ec0ebeb9a1cd659195d2858afaabf5140705cec51d3675e46556e54c1d5ad6e3d7702505e5321f694bee3a047339b7f6802c330d836872b5478439f72ddbbe83f1f30e8516a2fab07a7967399c507295cf637cc0540c56e9e6c955e0dac1705bdca0e02a7dcffbc408766eb8b988f60fb438fa3f887a02fa105dd3f3860c9e47c2987a2033c2b5bd7ed664e36faa6466b146ec806ac0f11f515f82096c295a414b54cc7a41a7a4246f14bb80718002dd1fc6ddfc25bf0251574c74de2626858a83a74d54bae05bc4bcdcc2fac444b441b90aada6eb10061a0ad9053532d9608b683417e654f04d20dcb115451af301152da256539337351778082a269c54556ddc2d6f3c456e35f7609fa86ffe782fea2588a95af8038a22360a2d15c42d850a7767c4ddb2b78601299bf4a8c5c80c7518f0c2a1703e295aee16656bf0ed16665da5d988eaebfa652c02bdd66fc26419122df07079710c2f4287a8d9ebbeaa5a8adb6db560e214f7b6219bcbb6175b28c1f505b1d1399c9430bc786151666dc1cbf8c3e6bcc31045a947e10078094b5ba07da52d41e8d464be8a5c065da1c76f6cad03b25e6481c91c3b2bb243965403868f2ec788076196400bef23ef2f933cd7961c1a2d8b0723625c268758c1c8ab01c04b2091a0bc32c2bcf84c53c27571f9545ad2766863bbb28dc011450523e51f6d7894a28c181381736dbde3cb6ead29735afee0521251f64780c3d596e1ca7c6223da4a3da7c9a7d3306f48a8675bf48da3cbec95f85f820d9d53f7065f3fa4c53a69b26f3e9b7098bd0f88455781e1a8e2e08a85037a231726b2ca92f05fa9cd71287be1b83898b6146738fe01b935f080bf6cc71d2e082f8352d19b46652d6ccc050a6618128cc31d7bd770429e20789a5738798ac026c504a350e271cf33660f101e6620188b6f8a0984d5649d98c46897b85f8bf5458b35538e0dba3f0654836c7ae0fcc3ae5280358f886010cdbe9dc10da92f08bf8978056324fcd8c06058ab0a4f8862555db18480a5b9d632e7473e25419dd558bacd13b044cc634248272623980cdb55906de8d77d4a14d9f50ff111cadbdb119cf2e7bbed2d589cddd7be898c7e17eddb012b2bc290070375e0c89ee7dc4e4c97d60beb818a91dce53fa03da54696de81359a42182887a072baf04ac815882dc0f54b5e22a541651dda2b4418bb2054510c5e9385b523c6449c65b8f187c1ac9d9443fe37864e90099a2065cc22de8c434192c72d6e98a68750e3ced1187bbf30556c18056a9f9858f66bcd1ab7ef996de66f5c2329be006e56c0f8a35efcfbc1e6107de118dd2fa955987a4255e0fd98a9bacfa4fd4cd769f88a0ffd221f47ee1b6f2c0d975f833d0e5f85884c2917a789526ce70f3312d287c10700ab151691d6f517a9d415dca0cb00ae4b84191925ca764c3d3869e9734e3986cf6e61bf111553c928e2b8a885381288b5be60368c965d583a1e3984991a5bc429a95d0620e8cfae26b83ca622d5e310c517b9f30d81e2305b1199b063a3ac3159683ccaa18cb5ab22cbfe1842d22ea74650f9841ec45094d9effda9751402ddcb66a982e06aa1d0b659454857c308413e845a91b13148954b28db8f65905f1601a00352841951232c1816b463a8b01ff1fa89af4880b3bb6f898ff356feff00a8d8b8f11ff62b3caa7f04183df323f44b69a458dfb215a77ae34afcd4b791dd4d192d2a0d0d16b466393635eb153343179cdfc181027b3bde78f5f3050757781c06efae58e324ab3ec931b685a82a12a808b6b5ed112a700761a805250266eab24027172c7aecf8589ef2af878531e8c4cd0b37486b00a892c245dae2d78e5af32daee18742af825af37c4ba820a3e6a06a857077b89056e37c03e0292de573b875ea387c9092c2cf412f7c2a690c63c4c8f52ea94bf28fa05fd09d46b67bca97fe92707afda1b5f27e3fd47ecafc18236ccc7b61102cd71dc220cf267adfeb4b9f751c7960ae617ed84075ee54daf48a106db372d6b3e27d3975ac37639b8145eea5803adc5d6b07b810298d4a542fd235e1bf98eb81d511a353ae39405f3d398f2293c9948894b39fc9306591258a3a5115b951c64ba991d373da260fa20b154506aceae56d1723215b36707b4b9e8c2071a89084720bf58c50da4e944e4f3ed1203339075f9a63925c8baa110ed175e75750c58e7114f46af45e366231a11d6acd54dd1792d038a6e5911c813aaf108e82c8052ba2adbdce01dd92cc41d48f3dcff4e3de05407ebfbe3da674a63397fb6244e6aee27a80a11a96456c37d78a8ce6004f0fc8dfb5410c10501f4765ae01c2c6362be432e94c68bae6e15863e0a0df5b0708723a795e80cb63b4ddeba32bc6704bfeb942ea8552c2eb4b9713009174e9025c0838e1220ec690d95150f61d44e1413ac412a251006aa9121ee1a838beccf3ebf31a0c0d3fd863d0973a7da971b2b07da033062b0e69abf116c6981e0b8e55c7b451bbc58f6b5e2219b0d2ded05e00b4bf78bbfb488bb2ce3f60c51edab5ed3da5e97c351daff770d759fc93c01fe9f7985f69f115f8be728fd6c57e82fc22f62d05bc5227c3fb809009c5f2f70008dadf0c7120d20fb947953269e84766396446ac1acb53e9013f4c30bdbb662d8744590951fc334b82b1e6005f31d20e2a5505dae62d286dc92e000372e5f48ef4151af1895369c5d1711a398216a9e235dbd7c332ac116f2cefcd77e904eb510e2602c2b4b88a355055970b67922014d032f32d5730ea985654ab4a4abd13735cc30e9bde55fcd45ddc5986a9fbf48c8560c519cebbbbd461ad313673e90ca8db0b56fea1a04535b5268d244a45ce1f037cd361b57b5d5a9571d1e388337b584e2aad6a21bbbb5cad25b6d7367bac72ded588d55f72badeff00ef732f06871f128506c23fd08987d573f3fd4fc0cc464103dc1154f45b7e255beb06af1757fee250cbe04f294c5f88f4b121ac0b356aea6319115b6b5fcc4313c865029685950cf2b032bda72068246ca395ca3154322e828d05681a8e26980e8b116b22d0d209394aeb523842735f114c20c6d6ef1dd65ac67c4d42e7d87a7d9f53081b9f1bc39631db6a48e7c9e90808f186756b8fa3c750780429f4fbd57b44b7d0f2a20b474e6b9aab2e0d7065f293484d8d1adda9aa0a8d9b71b6fcce679c1797bc41d2bff6ba8738147998275f927f90ee7045ff008500eefd0cb97b3ea9b0f09f51cf9cfee3f9cf8a80bc042c3ce14ca916a279adcd80d12bd6aa212d5a6fa14011c6c8aa5801c4087e59e34588fc13fea7f6c33b67880ca3bdcd03ed3460a1956bd5cc95bcca1e32d85c209b5996e6fdf422a8dd60305d68e61b928aa6ef32d59480290088c56b2cbc9520419242ce0be212ce724f4815979d105c505ade744a0e52d1f91b7cc736be658e2465c18357066dcbb2c623a74643b1b3f11f0c0a34d990ae46e5abad19942f0d9d902eb60b7c42cec5db8770f741202a9dbcfc4a2bd9a2580115091c000ae1fdca56342979016eeae5c4bbd5b48f2a9cf8bc70413fcc1893d39f3ff90c217b095440e06afdff00a898c77a7fd65558b6b8f7b50649c183e5b7daa5c499600e5f209497a7c40e601f16fe8afb97ae2b66e0571c0b6e0987978682b331ad34cb0a4d5c240cba06ed0376d2fa8c1e4b6594f0b9bae8c529a052a61694c3c7d5200c000031aaf5b89560442ab21da0a141a982a1c9a079f58cc02595cb7d4650d6c6c17375c5958ebd610e97b3f7fee58ac2bae4e3de56f02ad575c8efcc40ea6ac573d9034440e43ba75bfa8b83a8b614eaeac85bea32e95adf4d3175a9757a00007b6a0b2462d046b436d348d732d5a952e6687beac158992ff172bfc4dcc076ff003ff30d7f27d8305d7f4684c607e57e582c7bfc51465e0bf52ca2c28f067894c4edbfcce26717d3fea2a45cbb973bd7a92e6066a0a63434788caad133995c3b476bc12acb58e6362caaee3a05e461d4683e5737cf8ea25e77a9a85532b6a1c036067d23b85558f4998e9064c6a11e3101e4c8cdd5ad2621c0c9bbb84f14a95d2c6d5846601b061840b9829099738b5b35a4f39cc13403c21d42d67c5ca08654767c4628f04b43a803a810282bc798044a8dd2abd63e2a01dc8367c2407a15d8f347daea7f92972f954a17d80fdb2b000c6597b07a13fde903a25d8ffa7cfc40aa969e4f43442ee524b870b8d4dbc10c5dc976174039f8dc5f212b81944381ad806a5df40012f9df5e90de6a87c569c6e83febf59625a72142aaf76a2c9017e29cd55d12354e482da35e12a3fb977e3e1d65e40285a8bd430431835f4c20d8708705a5195834e2ee882ea2558c9e47bcdd738e0820c1a0bbff007ef30f02938c6e6229502f6e23850ed7c37af78b6d2e1e6bcf88cda28342abf714501f5c4a43735b21d2c9ce6575e3d660de1050f01fc1129b9540f6165ebff10db38fea34faccd3c1fb82fb43f68bba1fcf92bfa8f467950671dcbfcd05a555f8845dd78ad8fee1171dc71fc3542f863501196d2e86604398e84737fc3d8797b8eff44a28356cfa4ed08edd198c2a411c4351ac8de366ae6756c05b122c16d2242ea68de66fd69a566a69567752cb055aee5d66472e61030ce989411310eaa96713350867ba8817cc2a76b08dbf59536bc4e1884d5db67b58beb117dc5a2eb97e9f781655ac677007cfb439c563987a066434f7a9ded536be6736841a3ea2c328402b051f717462ae1c3cf2bda11377fc615dd4978b4cfb08b225cac834fe21ba55659f99940f3c47cb0b4c059601edb7ea3a1844760030897f328964a4e9c1ec7e66787f089703f074c55d5dd7b2be021c1966d973f15044b6b8be7a9570b66ebbba2a25e04baf9a76bcf27b44e546209a4fb123e6158ca60262462e59a50a1bb1cf085c0005465dfa4ca6ca314dcbf63065aa814ead1d4a14e522833d71095bab01576729adb00d1fa70499577a3c16c18f4d4a06aec54cd8dd363374eec5be4aa7efea251172b5627092e17a8b3ef0aee000b5f0448c5390949e2a2a4f33e7fe883d38fc7fdcef37b7ca4caefe9d59b7e49b3d1fe20b2eff00225c5cf4bdaff6a22543261f0c4059356ac63cb1fb887072de2edfb4b739b601326a9e1b8e22837b2f5353240d62ad9dc6dadb2e1bd773fb3303c415dd872c406965b8f695135bd59d40a656eca541f8545752a54521e638a91592bd612d2c3c38bcca24a385aea127344d0d4a145a2bcc610b7daae2c997a0a54c4050e4c62c6ca43671b9740c9a81c98c3e91ac92e3ae2d68f9985d839bdce58a46c37c09e11498af3e1799f41b3d448864b4a2191e44e18185c4e7bea38a61e4c4d9b0e6fe254e5215835a203a52e9ab6843400c5493c81786ac0543225b25f25ceb26cf74fdc1814c375f64647de23424ba02beac42c1db907b6bf304aa3d60fb94adb5958a8ffa08a14bd15c1cff0051e640446989d41a556a8e5746ad7c540e0ee4ef2d4fa4ee9982b2abb7b5a955704b37680a035529029cc8bc212fa6e05d14e2848e6a886f570d868bc1828c7512c29c8bc460a14e5bd42824962d14e03c8f8c4732df8732ef70d8c40bca05d1c3411ca82b21b576f100ddfb347cd46aa02d980760b58eb01db0db95ead3da1d702cba6bba8843d34544e402b23b0caf48c8d62eb4aab5ef1354593b2fd6683bf808ca96ecfd4672ef1f45cd9f9265e32fa22bf39fda0b100ebd22f7eea3044b466dd3dfe60554ace174d71efcc5bc059df64fa7bccb3505c1426a9b8ee2c3d20501a397136076419c623ec4c36ca6266c48797a8ed22c57cb30393439013ddf22a7985680831c36ea5e858acbac4000022c2d601a14adc833cc068897c8a1f48a82e9dfa41ad81798d70bab6dc554412923548e2dc42adc1c2715108e3c81f32f28119da785a25f0270d6f8d7e65fc3e747b4c899ea3a317d70bbf0fcb5dcbfd437f0ebcf87bdcccb08db3a56cf2441b64d5ea3d241ab6ad0cab56a04662d08a10db5409003684ac014b281e1c16d462d7f04c3cf48ceda9fd39f23dcc2f3f0c4ddcceb94892468604eaccfdc00461b1f68c3e245c09dab8f8730a1d85a744ca38ad1c9d1fb8e8aa5685e4b37052b48b5fd4bbaf2a803bb38aa9948204dd87cbe31021aa5bdfc6eb59f584af8f26987e640072643873807701ebdee5c2e2df2c5e920fed3a5bd8283c8c7c33e2a25116e9889b8d8826b683b3d62585f10d38dccd82a00f12dfec85dfc4c3dba312913081cab0c91c1101d088986fa3712adf41ab969b0b3dd21da3b2f8d019bced1ad027616657a733264bb85db7fb59ff726067fbc8ce3e867d4ff0011e2ee9f699a0f1618fe4423a30895ff003988d0541e5bcbe90ead0eab4a7d9884311ce05c10c5a52ae0c9f3040b2591793bcb525628188ac5f705caf4ae65c23a93edd4c485e219274e0c6145b63a5debd22101d760cf32e8220ad8ab8622f6bc12efb18b554a9e4e78840d7866773214263f731c597f788528059e1b99a1605fa54015ca0b12ec6ebdbfb8b6bbaafd86bf33a67d6c1e87133378fe6ebc44d154322612297a20d92d3eb2eaa6cbca0647fcdcad93a602bc4dbc987c6a3633ac95ac54da4eb432c22bd0847c2a1572ae65d4cb9d3ca05561b2aa4b27b7cb8ee259c141cdd5c026859050225b1ca668c5341e4b0554b76d2891a5f227270bad5464602bc769b59ee6666ab7a1e42bbe81183036fa8e003d5c44b44ce541bbf4ba964371e1382bf94c2967494ad54583c42e32d8a325da1172a5591c3c8c803256f2812abb85f435b3e80007c3c4578f2cc281755aa945f3306c49d2db4362a968d5d4a90a2515bd62a7dfe603081683074de6f12cd4a00e2ce259daf26a082847aa632ddcedebda1b12949a1d281cbc0bd00b2cd9018a940f1a207239303a3c6b70d024af0dcc4980703c0e83c40752ca92a1fb10505e1a3b2504af1d957cf26f3a184352e6480e5568a4a43982496e56aae661323dcd4be0be513247178f64fd4bff00c8690d0791f732f10fca7e3bea3a0ac03c5d7ecfb9950320325737e65c4d12d5f2b3d7cc64c52f4b2b6becbb8add8b41cfe9154b258e17935053f5868836c14ea419626881ad77051880d7ccf51150633dc444f3156eb86bf4bb19ba8910a28f2bdb02dd0009c1e2a102b71496188962db1430b7a8ac1804d04b3777e6e23203ed73114141641cca3005b09704540a803e22b98553c397fdfa8a4552b537712a8663b4aa23a9b8a804af3c43834dc52dac01baff005ea59f4dacd71b7af3d532aa194603dd393c1cede209ee6142b438bbf423fabfd08845262eb3754b0bfa61f7d13453d78806805391f7c14a6ac42816f6535ad001f900a5106012b95d696e700d178061e45bad8b7c3fa621c58e34fc41150b2a29965bf452a1906b70ea95ab9a8d1a0b25af1f8bb3b475e520b0270c1a11b1864cd798cd02cf636b9860c94942232b6fc2bdde53865c9a5e12e54d29cabf5894d72d5888fea03658c9a1c536acb4900cdf0d5ba0759b97e30b453920a713778965b02a1379caa9aa1f985e071b8a716711db6da047e51bf757896c65681d10ef9820f4b6872486dd1ba77588931eb2f420db7595f5ccafa618afd8d186bcb190c068a943ce13a8d8d954201c98be210887016157907381c75e4847716cd2088371bd56485d580079c6a20f60b42cbe0ec887c1f0933d7f4cfee7a85fc9fee207ff0041250fafc8cc079be98fe24c7b3c1d80fb01f984902505d21ffbef32a0d17ac5315f897852d431455ea42e756a85454d1e66df58cc4d420d1808a5d53173265b6dfe0c676c5457d912fdb612946fbc4604af3467dbf6622331935727305fb4de0baafdc1aecca0dfb2052870020ca2988978f49725f2981ac32f107c465a6a29198a220b22b6eb8a940e807d557fa836ae389931c419314cab20c477a80d6220510c666410560f2abb7092dedb35295422a64a748f5015503ccb367a030505bc418400306813973e8217ed97536675a6a0c38301e93612a18d368171a0382cb167a8625959e6cab29949b9014d13bda9c808dd5b805ba0b20d2811e2b11e54a61007b6b7e905826dfdeab2fbb138106bccca5e25f01bacdbb6f8f1a819be15730690a528e90309839a98f7843ea5e49dcfc402eb2b7822f2530ca5c29c858dce7fbaeaf3a42ad83ee251a074467421e26ede01b7db6c114a1cab52dc7b745ed62c012048da01b0680deaf19613a700602c01c0301037b7106ee238a3de0b6ec01eb1fa2ce1d039f4efcc4525d834d985b6f38c4e4b114d9ecee26a5c042c72ecf5990572f5be61433088ec7dc24ea64fc19fefd118ff00ab333f5d8abfc5989b7460e5457dd30650a81a6d5bc710812e17c0f9fcc770b59c1144ec6e5d31c37280d9971e61ccf331aaaab19864ba2dab9652ca3dface87733960debd6616aa8b0ad732efc2ea51aedfef000662de71a8505481db32f0152cbc544a32040657b0de9e91a28e6f08bacd65b8583f4c1c363e0a8382fda280be50226212c6cd9e804722ae9cc122224a8c54766187139834be34c319dff0a21bc0ad0e46381632ddf61836906a06486bc369e2f4856464b2518f6474fcbaad984b64a840e1bafee2e288ba353b94190edc0c384e49054d35071ac58aa09eb3d0d836536f93b104bcb0b5d250174ca1b7cc6a9975201fee0cc6d896daef41b3de7dd1539ad7f1301ab91e8707a906356b7c3dd3d2328ea062bb48fb989592dd9b45694e8be40b80456c633516e80ba388c726100a80766822352469e63765f85bc41e65351d2f1a885ecd5445ad1d3428da8002b9e5653494b4155e3d4862c7f822ae5143b70e83a870c1b039023f925f2a5286dc8147d281e6092625106c73dce5a857f57fdc2576c394bf007b417980674d6a61bcafaff50fa91facd9eff523f707323d7e69500298ab5b4fb410dcd9c67fa60d0b0ec1a000ebb462d16bece503a6ff00132ba72f318b54e306e6ff00588a64d4565745b9498d52b1439cce2358fe3b035ed0d8f31d9d4b01779870a6cf12ed0ee110217259998618a5d9a81173429e62c5187370aab1f2cc1b62e96f119baa02aa538102d34c4b9802d9dc66a82874031baed2a51e370d834f109510abc07dc36414c0b51d99eb506e6a362a3315e27ee1a8a736ce636055768d93984ad19b68391c21d47dcc4b551fc0e958c9e13ec81da50db1cbdc291aa7dac6c5873a5d1058b40ab91bce559f659a5493c357ef1335dc02af105489e8c18650b02401a37ef2ade6a534d2943e6f58d4696c3a5bef1f7052c3a59d992ebd7f70c0685592c5cdc1e2e1bf93938e838f3294bf085ef0d9881053c632b1764600197c41243058fe4267cb697735af29a5e143ddd9d58d444b50513495c5551cc29b3bf93ff60068334d91c43dc8ed0df860e085f1182c8d35761c455b72c777357cac45a66468156d2f675789842eb244e91caec976a9327bb7fc97ad67d006cfc5c6b450637163e56536b67f22070cafc3158eedf49adfe2e3f41f920d50a11777ec0cd44ee359ca507d4aa61fc8aa47e20a8156701f8033e67ae030685bc5d419710d0a6526ca8f9206400a530f6a3acc0bb5cb1bd733f2cb55384958655a55e0656610ba3e3f50b4820c788c25c64ea548b63567f50d008bd59cc3765f244086cd1e63990d8e651f06c2e16569a68be650e84115bc4d3bc4a0b826d997ac10681956c6830591435e60f337fc70839b965260e5899c2f6636f30aad241068f67c7f6825fe0102fd04c0f0ccc7a3d7027a8a53115a3d6b25ff00f7b528f4772da1436333d0af300044323234def0d3ed2a61230d55c19131dc01640ce404a305514f4cbe52ef50b518e4010590aa6f26b7305c642a2979379581c081b08c6a25b00b5f71f56090a1dacb5673615ddbc410f18850a9b395e48c728f7a475bc0f2aa8682b8cd2f5a8080be26d895acd52b21c622e25faa2cb5c163fde664aee033b8f3eb017360297d75ae5331c9702ed7a807c33a224819c1c5657de32d0608fb5c2cea5a5b8083c6aa18dcb47965cae003c665b5b71acf33fd22f8ff0098e97cdf71400a41b682790bc4a92d995ba13ec119b49483bc2dfe3ee2ce027468beec981fed89bc58e2e3cd9bd5c415788f3003d262fa2a2ab18a3e605f5847e2365c0819384530b5d015ccd1a301e3508b6b50ee5d558db708152ecadd7895439a42945143c66104d282d571420105e21236a8a6a94554bcdc397986c223c6660d3640d4557d3865a47358fe34dc1cc0afe6b10e655b5155796e6c8a15c09c3e239196074e41f0e7f1037ad5180c7ac367a24aebf925aa25fad3e52b6ea2b76063679820afbd437217cdb215f21963d0a897f3320139a0bfa9510b3ac68afb41f4fdcba6207d63de59ac785b86e165555710fcac02d2058c5cc5354bd42a99d45e05eed0867b7711a508408006c2946b851358004d42e12b55e20c8a690c1efa42eaaea077546fad176c0169030da45c1b3d482b4636470c06998819ac5d9fb9ceb25a3cbc1e0dcb52d28c21d788fada07553072deee124362ac9dbcc5128aab2ee6a0ad8ae53bc53f989eaa514a02aed9644450cdb33169068c77ccb044a87fcd27fbbc928f50fcc2530abf6821f7f710684303c02afd40a1169a3585e3d3fec6f48036d1bf78e0f62dea6226ea8e967e09dd6a1ee4934632a45f75aaf483355a6dcb08db9a8723789a798f0f0545cee2acc61da57580bca6ed822aab5da61cc60c34a87bc5117a5ae5cc1923456d21c10b65ea54565b699e63b0a4e15a23f9f7b1b80525d32057ccfd9906250d5c3e4ad3321e628f98837fc6986bff008bc9141b188114217163be3bf51a7da20d47b71566bafc810b0ac59d599ef2290dadc42acbe25334915379dc01ddae1cea3649bc2e3a96f7420717df5122ec61b52ae8b5398bc8b4ab3bea081e25133561fa8e8c4a5938732e21e41e8bafa80a7351d21817fdc41bc065bc2af8cc51878a6d2e2007f8905a8919c44aa005cc651374c08bab1d97cc4eecadc0b482391e6a2c316061a7e4baf98cba8a63d47df4772835577de7b76b2a5b92af663ee54802147a11c55b7732016cde88c34002d5e2524aa7717146f1ba974cef6054ddac1473167a01765d4f8a952f99f4cc5fed89b3d5f98a8fa92a7d8d12d3002e606da7c7d266716b4578af5cc046ea834174ff007508bc03d7809774c3476c118d9c9dc478d5fe229085569ef040b7ba0b10824703377a4ded44bbd5c238ae4f1a5e0ba2f9448b30ba6a3809a6f7ccc992ec51eb011156a9e48c16d86f47531b840bc5e7c43101888a9e8b95b19abb622d4026dba02620441d3ef06607f5151bc4b2ec991fce1a89ff00c02d89fc39f6838fe18674c1851041b9942c3207a6399a2c3aa52da33c9a96a36e7b95cdc06b5a29aa44f5d4cc16db931bccb0896c366eb997b72ce43dc55c47c91465aa3e18f84fea2dc36c2370954feea05604e2f053ecb1ba7888dbf513bc3773695fb82b2cf63feee39b05eca9857194abc5b2b30fad5285caed6332beb2a0e7e072bb8deeea12de886c8ad86c871e528a195bb6a21617cb44a0d8fbc5f426dd28b2e9f4e5f5118975d279b686f4c5d1b21d5adaab1ef1d3b1634a8c2fb33fc6ea6bee8ed99735f3d422f358d05977bd7fdc32da563a58c7b5fe62976c2daa765fbce2bdaf889227019c5c0d4e206987535e41133e915101b4d5f8954b50066e0b15dc2ed59c67d66e6b112fa138dcef457105c508abee54469116995100c1a38831a4063e6000a8a7fa40c870bd26201954814d10f37530748d0c082a2ed0086ee95d6b715d54db0d39dc33a97a0d47cb32a41533eb9fe0d4483f831bd335171151dcce0db20e2d9fe0b96497ce527c6cfdc23cd08e1a820b0639d92ed6560aa3cb0aa2c01998d28001db04a163da34c314ad6c8f8e990c5417f088987fa93ee1b8dc20b73a7bca7cc2392c294ab3eaf11dad835ab747aba981710a807341b9a19a4db15b672fb3fa866d0b188ae1ce0b516a5eb0766d763f4cb38cb268d20f77297eb0206a3580300f4317cab2a589d5543a0b0e5e66b09b461fdc6e0aede58814871bbf496a1ccb46e05eb774effb6661a4311bc52c315f70f997a45e61832bd63b90acf411699666bb203ec554ae75ec6aaaf66fea24b5cdb418bbbf3443605814e0e67e60281d3606ab870dabcd6f38829e1877f10256bc621700b46fa8c0d8bb73a7042dcd8783c4ff0003a94b0c5fca573eb3045cea2082230437e9a891e865c071332102a96556311f6e792061c4177908dbf882970165ca1746dca23b02c97e22eec57110b23140592dda16a99b8ea14bd16f745131b674f7855c586606e5651dff00f01d7f1788587b22cc73348b9310609b135b2a5fc6167a93a3a631af2b2e6264fa887cc813856122cbc54623cc480b2a9270af2c5e3d219b08c14767c5d7cc6a0c51d9c3ee70481194156792dfa9c91b65188ca5655d80d42151265b7836d1e6e7687984e1c86c66fd7b55f7cc6bd0b9bdca356d81bb5f115e835039f783c1d45d003357301ab1ad4fc4cf597698913e7d110c436f0be9389ec8e71dfee2d0cb32b190bfd885fd0ca3d185cc1b59496b361f881ea63669abf10281b16e76e7f130c06675525fc30082a1cc55fdcbebd0abfd44ecd7e1549b565e6f67d4565bae0ee586d8628adea30c19009ed0e1eec4be4c625976a64658ea3a65d6a97cef8849b10759c1171c0050671d21addce460c6a252a10dded88685da05d7a470add31ba86552860895b9ca7106da1360c168585c69a96ad0a9a35291152e2d1965b435a8f4959569c40fe16a61fc15ff000363fc2c1cc787d4a86563d61deb18b469f4c0bad97bee50c2c1a8021901c7ac76fa4696d16c0015b6bc7fb52f807afa4b70d82caa415461044e203101816cc140f01099504b1e7fca9708f79bd63f0ca6085e22e8afc7bc000b4dd5798ea7a118c00cdbef1ca8a251bf9d0ea5c16ae219150aa8282e05d1edb8394a757f65730c1e8fec80148334b83fb8e82464ee38b2b8115660bc6551fe3115497885be2ad79644a8b15b2d54dfa060845d5858bffb8960c87834557c40167746ad03e3104ac75adaddb6b9358f1311a6987aaa1384405c71bbb9415d8ab3e48d6f5e040d2dbd67da6057cca0ab2d5cc4bbe65765c686a2b65a6a3311a6c61ec965d462b78ca15270acb1855186771c6f8a1a3d10dbaee94cbf68698408b7599ba2602aea010c37556f56e621d883a69dcf034635bfe731f51d9bf48c85d4c306e2ff00174ff0616e5f12a5531892d28a94bcd309a37dd6a5a6e0c9e35e8f10363849707b2150de58040a9cfea670edfd443432fef3047147bc025b52f02ab5dbf8080a377a51798846492f497df2f112cadb06c5acfc13d3c58ca73386e6be52aa98312d0d14f23f555dc05647955e2fd357cc4706f38810945f5b3a9af6b2297b61d84a42db6869e92ef94e42abc41c686e1585f81a710c0c963cadb29731a65d8ab5546f19622a0f0df53cbbf4cc7d685c9185c229068b21fa51fd47305deb182d1a156f8ff7bcc6b1d10a94362f6be258afe29050102aeb45751961aa17e731a005943f32e0319fd4f58d31f14a8a98592bc4c4c0b11cb46985bca1bcccfc1b334e2616053379a849b9570bc47e1bc8d509701dc814c662c04c9c9c6e2ce0b16be602e0034ccae82a0ae822b7ed7e631c4bcf4414d3f13ad24b126b13f863fc6ff97c412a3fc52eeb705e10d2502b819f5e65e32b5d5969154685f98353cd2599d2acee5cb4352550db6f5024cbde2a8601f850c55a382fb7e222c3ec50e1a0cf182a164366acb1305155b717012f06979b62a9f98693f27312de755f13884e69e0e21516be6b7ef2f829ca28815bccc20abc932bcf98742fd15ce5f1022d4f09ff00b38bbc8b07ac2262b6abeaa3b30b2d5819ca45f1e21729936881738ad866e23c7d26c658ca730add40187fc527d84d97e25f550bdf8cb04acb8b5a1846690a1e3af587a0588d167f50596b20755894214cc15bbcec82a6b693666217246d8635b8b3bc3ee5e7034bcae671852efd26f82f9477bd9b79828b8b07e61f2f982c38b459f117125dad635c41644a0d616b151dfd1562a341171a333aa04f64492549862512800b85204bc1750d40190657e65dd41d869dc0bf29d47c95fd080383da75244addc16f12a77fc062dc3ff955e11e6a1a9a22b653058ff164f098606d96e5b4eee3eeac2402536737af88c0800f48453a28c29141ae4f87985b18ae905bd623a6d2d5afdd9804c948e3bf595012b8b1c398804098a503087503cc835dc1e824c4055a0b7104b049400692cc39965451f1160a2b166561abec07dea1babdcbf30b52fa5fa4bd91edcbe61ac715972c649c2bfe412b201c7996509a0b9f6b82f215587507ae602f5dfdc10403106aa5a1e617bd7e67b0fe12601d7e24fb7831966aaf7a084da8007525f5272df2f895254137ee8d6dbb5f3e8cb85fed0578fcc75c839cf1b862a1471ff50572b3e250de998c2af99e6cf285c8d56a5e8799b09842c37502ddf0e4c7570a60d3b657558bb628504788a0704d352840af5036a5d0a511dea445ad224cb9010695ee2335b78b8247c4a6ba9c47ccc18652a619706ff83ff9170cacd4c822a6698efc19fb8b36798150aa057e5209029775998cdfb4d712748798c0086893ed98, '2017-11-01', 'victorPoo', 12, 1);

-- --------------------------------------------------------

--
-- Estructura de tabla para la tabla `tbl_persona`
--

CREATE TABLE `tbl_persona` (
  `codigo_persona` int(11) NOT NULL,
  `nombre_persona` varchar(45) NOT NULL,
  `apellido_persona` varchar(45) NOT NULL,
  `correo_persona` varchar(45) NOT NULL,
  `fecha_nacimiento_persona` date NOT NULL
) ENGINE=InnoDB DEFAULT CHARSET=latin1;

--
-- Volcado de datos para la tabla `tbl_persona`
--

INSERT INTO `tbl_persona` (`codigo_persona`, `nombre_persona`, `apellido_persona`, `correo_persona`, `fecha_nacimiento_persona`) VALUES
(1, 'Sameul', 'Sosa', 'asd@gmail.com', '2017-11-06'),
(2, 'Victor ', 'Pineda', 'asdqwe@gmail.com', '2017-11-01');

-- --------------------------------------------------------

--
-- Estructura de tabla para la tabla `tbl_tipos_usuarios`
--

CREATE TABLE `tbl_tipos_usuarios` (
  `codigo_tipo_usuario` int(11) NOT NULL,
  `tipo_usuario` varchar(100) DEFAULT NULL
) ENGINE=InnoDB DEFAULT CHARSET=utf8;

--
-- Volcado de datos para la tabla `tbl_tipos_usuarios`
--

INSERT INTO `tbl_tipos_usuarios` (`codigo_tipo_usuario`, `tipo_usuario`) VALUES
(1, 'Usuario normal'),
(2, 'Usuario administrador');

-- --------------------------------------------------------

--
-- Estructura de tabla para la tabla `tbl_tipo_usuario`
--

CREATE TABLE `tbl_tipo_usuario` (
  `codigo_tipo_usuario` int(11) NOT NULL,
  `nombre_tipo_usuario` varchar(45) NOT NULL
) ENGINE=InnoDB DEFAULT CHARSET=latin1;

--
-- Volcado de datos para la tabla `tbl_tipo_usuario`
--

INSERT INTO `tbl_tipo_usuario` (`codigo_tipo_usuario`, `nombre_tipo_usuario`) VALUES
(1, 'comun'),
(2, 'administrador');

-- --------------------------------------------------------

--
-- Estructura de tabla para la tabla `tbl_usuario`
--

CREATE TABLE `tbl_usuario` (
  `codigo_usuario` int(11) NOT NULL,
  `contrasenia_usuario` varchar(45) NOT NULL,
  `nombre_usuario` varchar(45) NOT NULL,
  `persona_codigo_persona` int(11) NOT NULL,
  `tipo_usuario_codigo_tipo_usuario` int(11) NOT NULL
) ENGINE=InnoDB DEFAULT CHARSET=latin1;

--
-- Volcado de datos para la tabla `tbl_usuario`
--

INSERT INTO `tbl_usuario` (`codigo_usuario`, `contrasenia_usuario`, `nombre_usuario`, `persona_codigo_persona`, `tipo_usuario_codigo_tipo_usuario`) VALUES
(1, 'asd.456', 'samuelPOO', 1, 2),
(2, 'asd.456', 'victorPOO', 2, 2);

-- --------------------------------------------------------

--
-- Estructura de tabla para la tabla `tbl_usuarios`
--

CREATE TABLE `tbl_usuarios` (
  `codigo_usuario` int(11) NOT NULL,
  `codigo_tipo_usuario` int(11) NOT NULL,
  `correo` varchar(500) DEFAULT NULL,
  `nombre` varchar(200) DEFAULT NULL,
  `contrasena` varchar(200) DEFAULT NULL
) ENGINE=InnoDB DEFAULT CHARSET=utf8;

--
-- Volcado de datos para la tabla `tbl_usuarios`
--

INSERT INTO `tbl_usuarios` (`codigo_usuario`, `codigo_tipo_usuario`, `correo`, `nombre`, `contrasena`) VALUES
(1, 1, 'juan@yahoo.com', 'juancarlos', '1234'),
(2, 2, 'carlos@yahoo.com', 'carlos', 'asd.456');

--
-- 칈ndices para tablas volcadas
--

--
-- Indices de la tabla `tbl_categorias`
--
ALTER TABLE `tbl_categorias`
  ADD PRIMARY KEY (`codigo_categoria`);

--
-- Indices de la tabla `tbl_comentario`
--
ALTER TABLE `tbl_comentario`
  ADD PRIMARY KEY (`codigo_comentario`),
  ADD KEY `fk_Tbl_Comentario_Tbl_Noticias1_idx` (`noticias_nodigo_noticia`),
  ADD KEY `fk_Tbl_Comentario_Tbl_Usuario1_idx` (`usuario_codigo_usuario`);

--
-- Indices de la tabla `tbl_likes_noticias`
--
ALTER TABLE `tbl_likes_noticias`
  ADD KEY `fk_Tbl_likes_x_Noticias_Tbl_Noticias1_idx` (`tbl_noticias_codigo_noticia`),
  ADD KEY `fk_Tbl_likes_x_Noticias_Tbl_Usuario1_idx` (`tbl_usuario_codigo_usuario`);

--
-- Indices de la tabla `tbl_noticias`
--
ALTER TABLE `tbl_noticias`
  ADD PRIMARY KEY (`codigo_noticia`),
  ADD KEY `fk_Tbl_Noticias_Tbl_Categorias_idx` (`categorias_codigo_categoria`);

--
-- Indices de la tabla `tbl_persona`
--
ALTER TABLE `tbl_persona`
  ADD PRIMARY KEY (`codigo_persona`);

--
-- Indices de la tabla `tbl_tipos_usuarios`
--
ALTER TABLE `tbl_tipos_usuarios`
  ADD PRIMARY KEY (`codigo_tipo_usuario`);

--
-- Indices de la tabla `tbl_tipo_usuario`
--
ALTER TABLE `tbl_tipo_usuario`
  ADD PRIMARY KEY (`codigo_tipo_usuario`);

--
-- Indices de la tabla `tbl_usuario`
--
ALTER TABLE `tbl_usuario`
  ADD PRIMARY KEY (`codigo_usuario`),
  ADD KEY `fk_Tbl_Usuario_Tbl_Persona1_idx` (`persona_codigo_persona`),
  ADD KEY `fk_Tbl_Usuario_Tbl_TipoUsuario1_idx` (`tipo_usuario_codigo_tipo_usuario`);

--
-- Indices de la tabla `tbl_usuarios`
--
ALTER TABLE `tbl_usuarios`
  ADD PRIMARY KEY (`codigo_usuario`),
  ADD UNIQUE KEY `correo_UNIQUE` (`correo`),
  ADD KEY `fk_tbl_usuarios_tbl_tipos_usuarios_idx` (`codigo_tipo_usuario`);

--
-- AUTO_INCREMENT de las tablas volcadas
--

--
-- AUTO_INCREMENT de la tabla `tbl_categorias`
--
ALTER TABLE `tbl_categorias`
  MODIFY `codigo_categoria` int(11) NOT NULL AUTO_INCREMENT, AUTO_INCREMENT=13;
--
-- AUTO_INCREMENT de la tabla `tbl_comentario`
--
ALTER TABLE `tbl_comentario`
  MODIFY `codigo_comentario` int(11) NOT NULL AUTO_INCREMENT;
--
-- AUTO_INCREMENT de la tabla `tbl_noticias`
--
ALTER TABLE `tbl_noticias`
  MODIFY `codigo_noticia` int(11) NOT NULL AUTO_INCREMENT, AUTO_INCREMENT=13;
--
-- AUTO_INCREMENT de la tabla `tbl_persona`
--
ALTER TABLE `tbl_persona`
  MODIFY `codigo_persona` int(11) NOT NULL AUTO_INCREMENT, AUTO_INCREMENT=3;
--
-- AUTO_INCREMENT de la tabla `tbl_tipos_usuarios`
--
ALTER TABLE `tbl_tipos_usuarios`
  MODIFY `codigo_tipo_usuario` int(11) NOT NULL AUTO_INCREMENT, AUTO_INCREMENT=3;
--
-- AUTO_INCREMENT de la tabla `tbl_tipo_usuario`
--
ALTER TABLE `tbl_tipo_usuario`
  MODIFY `codigo_tipo_usuario` int(11) NOT NULL AUTO_INCREMENT, AUTO_INCREMENT=3;
--
-- AUTO_INCREMENT de la tabla `tbl_usuario`
--
ALTER TABLE `tbl_usuario`
  MODIFY `codigo_usuario` int(11) NOT NULL AUTO_INCREMENT, AUTO_INCREMENT=3;
--
-- AUTO_INCREMENT de la tabla `tbl_usuarios`
--
ALTER TABLE `tbl_usuarios`
  MODIFY `codigo_usuario` int(11) NOT NULL AUTO_INCREMENT, AUTO_INCREMENT=3;
--
-- Restricciones para tablas volcadas
--

--
-- Filtros para la tabla `tbl_comentario`
--
ALTER TABLE `tbl_comentario`
  ADD CONSTRAINT `fk_Tbl_Comentario_Tbl_Noticias1` FOREIGN KEY (`noticias_nodigo_noticia`) REFERENCES `tbl_noticias` (`codigo_noticia`) ON DELETE NO ACTION ON UPDATE NO ACTION,
  ADD CONSTRAINT `fk_Tbl_Comentario_Tbl_Usuario1` FOREIGN KEY (`usuario_codigo_usuario`) REFERENCES `tbl_usuario` (`codigo_usuario`) ON DELETE NO ACTION ON UPDATE NO ACTION;

--
-- Filtros para la tabla `tbl_likes_noticias`
--
ALTER TABLE `tbl_likes_noticias`
  ADD CONSTRAINT `fk_Tbl_likes_x_Noticias_Tbl_Noticias1` FOREIGN KEY (`tbl_noticias_codigo_noticia`) REFERENCES `tbl_noticias` (`codigo_noticia`) ON DELETE NO ACTION ON UPDATE NO ACTION,
  ADD CONSTRAINT `fk_Tbl_likes_x_Noticias_Tbl_Usuario1` FOREIGN KEY (`tbl_usuario_codigo_usuario`) REFERENCES `tbl_usuario` (`codigo_usuario`) ON DELETE NO ACTION ON UPDATE NO ACTION;

--
-- Filtros para la tabla `tbl_noticias`
--
ALTER TABLE `tbl_noticias`
  ADD CONSTRAINT `fk_Tbl_Noticias_Tbl_Categorias` FOREIGN KEY (`categorias_codigo_categoria`) REFERENCES `tbl_categorias` (`codigo_categoria`) ON DELETE NO ACTION ON UPDATE NO ACTION;

--
-- Filtros para la tabla `tbl_usuario`
--
ALTER TABLE `tbl_usuario`
  ADD CONSTRAINT `fk_Tbl_Usuario_Tbl_Persona1` FOREIGN KEY (`persona_codigo_persona`) REFERENCES `tbl_persona` (`codigo_persona`) ON DELETE NO ACTION ON UPDATE NO ACTION,
  ADD CONSTRAINT `fk_Tbl_Usuario_Tbl_TipoUsuario1` FOREIGN KEY (`tipo_usuario_codigo_tipo_usuario`) REFERENCES `tbl_tipo_usuario` (`codigo_tipo_usuario`) ON DELETE NO ACTION ON UPDATE NO ACTION;

/*!40101 SET CHARACTER_SET_CLIENT=@OLD_CHARACTER_SET_CLIENT */;
/*!40101 SET CHARACTER_SET_RESULTS=@OLD_CHARACTER_SET_RESULTS */;
/*!40101 SET COLLATION_CONNECTION=@OLD_COLLATION_CONNECTION */;
